n,T,V,P
7.830310e+00,1.631323e+02,4.249634e+00,2.460893e+03
8.131073e+00,4.289638e+02,6.196662e+00,4.774268e+03
8.629205e-01,4.950755e+02,8.030361e+00,4.622689e+02
6.338370e+00,3.223503e+02,7.286983e+00,2.342366e+03
1.337626e+00,2.211311e+02,9.391973e+00,3.222595e+02
1.673441e+00,1.240916e+02,5.080459e-01,3.456515e+03
7.869497e+00,3.887453e+02,2.039416e+00,1.233652e+04
9.736630e+00,3.364059e+02,2.116411e+00,1.285780e+04
9.336980e+00,4.342006e+02,9.199912e+00,3.428581e+03
7.388534e+00,4.298370e+02,9.867885e+00,2.644578e+03
9.783420e+00,4.527535e+02,9.848827e+00,3.584370e+03
2.536444e+00,3.010596e+02,3.931818e+00,2.093731e+03
2.272954e+00,1.819516e+02,5.696954e+00,4.977575e+02
9.131204e+00,4.176231e+02,2.944233e+00,1.060264e+04
5.539913e+00,1.948184e+02,9.245224e+00,1.134771e+03
1.649839e+00,1.862833e+02,5.231091e+00,5.697772e+02
2.168836e+00,4.960913e+02,2.916856e+00,2.852820e+03
3.737104e+00,3.339996e+02,1.600070e+00,6.481443e+03
4.962058e+00,2.875097e+02,8.078234e+00,1.366200e+03
4.204238e+00,1.137517e+02,9.344912e+00,4.740949e+02
1.772369e+00,2.689824e+02,2.353754e+00,1.885808e+03
8.470938e+00,2.846291e+02,1.817774e-01,1.103243e+05
8.896778e+00,1.686710e+02,5.803239e+00,2.396523e+03
8.367431e-01,4.342312e+02,3.832244e+00,6.908289e+02
3.955431e+00,2.361660e+02,2.472062e+00,3.098600e+03
3.047972e+00,2.675892e+02,2.147975e+00,3.230274e+03
1.480775e+00,1.748976e+02,4.250301e+00,7.205972e+02
1.565711e+00,1.626191e+02,5.793483e+00,4.655888e+02
8.047789e+00,4.922359e+02,6.157769e+00,5.358179e+03
2.439569e+00,1.348026e+02,9.136793e+00,3.091886e+02
5.428242e+00,2.986873e+02,4.666096e-01,2.900595e+04
6.276016e+00,4.956186e+02,3.133794e+00,8.043832e+03
7.537633e+00,3.984766e+02,4.947084e+00,4.935952e+03
2.558044e-01,4.625094e+02,5.453775e+00,1.684251e+02
5.770898e+00,1.816127e+02,7.401471e+00,1.049135e+03
9.162212e+00,4.541984e+02,1.888051e+00,1.827155e+04
1.462845e+00,3.288802e+02,7.141936e-01,5.578849e+03
4.383298e+00,4.232747e+02,5.565145e+00,2.686207e+03
9.068303e+00,2.300032e+02,9.013698e-01,1.906883e+04
3.413597e+00,1.959394e+02,7.983264e-01,7.128058e+03
8.890709e+00,1.674510e+02,8.357115e+00,1.750994e+03
2.771612e+00,2.139454e+02,2.787782e+00,1.544185e+03
6.976306e+00,3.071272e+02,3.464218e+00,5.203853e+03
9.616435e+00,2.971290e+02,3.895719e+00,6.004625e+03
8.434401e+00,2.034242e+02,3.039575e+00,4.783399e+03
6.784974e+00,2.371950e+02,8.652907e+00,1.567964e+03
7.721360e+00,2.648299e+02,8.190128e+00,2.070432e+03
8.002517e+00,1.796912e+02,8.600891e-01,1.374473e+04
5.006747e+00,2.826126e+02,2.172519e+00,5.414661e+03
1.156092e+00,4.048144e+02,7.842366e+00,3.857570e+02
1.860771e+00,4.302104e+02,5.455707e+00,1.087381e+03
1.654973e-01,2.470152e+02,1.643223e+00,1.694080e+02
1.363513e+00,2.855085e+02,7.991457e+00,4.008055e+02
9.470654e+00,2.966130e+02,5.019401e+00,4.702806e+03
9.097489e+00,2.487527e+02,1.089200e+00,1.722229e+04
8.576941e+00,2.199829e+02,7.952685e+00,2.247274e+03
1.109608e+00,3.490490e+02,3.238269e+00,8.499856e+02
6.913760e-01,1.787541e+02,3.109224e+00,5.264675e+02
8.107782e+00,2.257597e+02,1.869818e+00,8.037841e+03
2.717709e-01,4.103749e+02,3.931381e+00,3.061461e+02
1.977293e+00,2.472248e+02,6.702754e+00,6.296750e+02
7.894136e+00,2.850040e+02,1.856127e+00,1.023204e+04
9.361914e-01,3.988414e+02,2.584188e+00,1.308802e+03
2.264511e+00,4.841949e+02,4.289789e+00,2.014110e+03
3.833481e+00,2.592756e+02,4.747857e+00,2.184368e+03
9.260747e-01,1.355742e+02,5.807884e+00,2.298409e+02
5.244092e+00,4.260532e+02,3.975972e+00,4.694858e+03
3.265086e+00,3.792133e+02,9.989418e+00,1.112793e+03
3.951484e+00,1.959963e+02,3.227723e+00,2.222931e+03
8.722001e+00,1.678486e+02,6.557526e+00,1.925780e+03
8.810013e+00,3.631221e+02,6.572189e+00,4.050046e+03
6.855614e+00,3.474094e+02,3.963601e-01,4.989111e+04
4.037104e+00,2.278286e+02,6.011791e+00,1.189252e+03
9.412528e+00,1.560189e+02,2.130419e+00,5.699644e+03
8.434135e+00,4.403599e+02,8.779136e+00,3.616214e+03
3.921255e+00,4.874476e+02,8.931936e+00,1.986058e+03
1.026030e+00,2.891477e+02,9.842512e+00,2.682003e+02
8.630951e+00,1.803089e+02,4.049600e+00,3.333666e+03
7.800579e-01,2.028591e+02,8.560499e+00,4.950088e+01
2.949102e+00,3.091479e+02,1.431361e+00,5.005710e+03
1.132086e+00,4.993276e+02,4.803506e+00,8.923549e+02
8.179417e-01,3.969547e+02,9.232809e+00,5.999272e+01
5.617691e+00,3.916557e+02,8.429418e+00,2.084880e+03
8.058849e+00,1.085149e+02,7.549939e+00,8.253331e+02
9.091405e+00,4.572358e+02,9.574695e+00,3.619009e+03
3.646557e+00,3.421630e+02,1.287215e+00,8.005693e+03
7.998943e+00,4.760226e+02,6.061523e+00,4.952838e+03
5.506971e+00,2.976567e+02,7.854221e+00,1.776290e+03
3.378361e+00,1.273224e+02,8.721906e+00,2.948828e+02
8.839365e+00,4.828503e+02,6.651474e+00,5.544659e+03
1.516504e+00,4.546550e+02,6.362038e+00,1.028673e+03
4.763827e+00,2.407494e+02,1.745762e+00,5.492026e+03
5.687290e-01,2.603322e+02,8.243565e+00,-7.550444e+01
2.189994e+00,1.579225e+02,3.132135e+00,7.108314e+02
7.243551e-01,1.533827e+02,7.113787e+00,8.672031e+01
3.597202e+00,3.883240e+02,1.089022e+00,1.094338e+04
3.545407e+00,4.767843e+02,3.562062e-01,3.928081e+04
7.959132e+00,3.872341e+02,7.870442e+00,3.129439e+03
3.343075e+00,2.107432e+02,4.768214e+00,1.215224e+03
3.249646e+00,4.145005e+02,3.712930e+00,3.190587e+03
7.735736e+00,4.838240e+02,3.878663e+00,8.037492e+03
3.224366e+00,2.650755e+02,6.306240e-01,1.144983e+04
4.511975e+00,3.226192e+02,5.934233e+00,1.999754e+03
5.749934e+00,3.781344e+02,9.090146e+00,2.226156e+03
5.665553e+00,1.926541e+02,6.916695e+00,1.297093e+03
5.022611e+00,3.234616e+02,1.672280e+00,7.967194e+03
3.896296e+00,2.393463e+02,9.549972e+00,8.967093e+02
3.891195e+00,4.212690e+02,4.016011e+00,3.337541e+03
5.719258e+00,3.758734e+02,1.019928e-01,1.753125e+05
1.543560e+00,4.213277e+02,9.102471e+00,6.822946e+02
4.918815e+00,4.541407e+02,4.876457e-01,3.812426e+04
6.626321e+00,4.469329e+02,1.059766e+00,2.332588e+04
8.785795e+00,4.263409e+02,4.297697e+00,6.953341e+03
8.357634e+00,2.339618e+02,3.023975e+00,5.205244e+03
3.698072e+00,2.263368e+02,4.070589e+00,1.583275e+03
4.866356e+00,2.402644e+02,6.463612e+00,1.580838e+03
3.674324e-01,2.155526e+02,3.692110e+00,1.600280e+02
2.651033e+00,3.343534e+02,1.287175e+00,5.720974e+03
1.039411e+00,4.727221e+02,7.952162e+00,5.590686e+02
1.991534e+00,3.535659e+02,1.691589e+00,3.400292e+03
3.699820e+00,1.034156e+02,4.656430e+00,6.629205e+02
4.256875e+00,1.636539e+02,1.174963e+00,4.961667e+03
6.373413e+00,4.781179e+02,7.317303e+00,3.537205e+03
3.223812e+00,1.006345e+02,2.907885e+00,8.626514e+02
5.432702e+00,2.497077e+02,3.150892e+00,3.458890e+03
4.835982e+00,2.601878e+02,8.218155e+00,1.369517e+03
6.684706e+00,4.703826e+02,6.847770e+00,3.705459e+03
8.412985e+00,1.353945e+02,8.409903e+00,1.140867e+03
5.358419e+00,4.961032e+02,4.162102e+00,5.227056e+03
8.228731e+00,2.474912e+02,1.459258e+00,1.158309e+04
1.646392e+00,3.070026e+02,6.936830e+00,3.715403e+02
3.615892e+00,1.493919e+02,5.248534e+00,1.063169e+03
9.974519e+00,3.520973e+02,7.071209e+00,4.073750e+03
3.245804e+00,2.422043e+02,8.181753e+00,6.801268e+02
2.789583e+00,3.873932e+02,2.837041e+00,3.116612e+03
6.974800e+00,4.402514e+02,9.087804e+00,2.796645e+03
5.853180e-01,3.656670e+02,2.959111e+00,6.339796e+02
2.684949e+00,1.242958e+02,4.840889e+00,6.950240e+02
1.120666e+00,3.721773e+02,4.861385e-01,7.151698e+03
4.981298e-01,3.529141e+02,3.869565e+00,2.325500e+01
1.591967e+00,1.841442e+02,1.282883e+00,2.000071e+03
1.596403e-01,4.952281e+02,2.195702e+00,4.536258e+02
4.996227e+00,2.954416e+02,7.365993e-01,1.677384e+04
9.204481e+00,2.383793e+02,1.765961e+00,1.033960e+04
5.764972e+00,4.606714e+02,1.268529e-01,1.742113e+05
8.224514e+00,3.066448e+02,2.661290e-01,7.872323e+04
1.160136e+00,3.441584e+02,3.279807e+00,8.787182e+02
1.461658e-01,4.443711e+02,4.691611e+00,8.043348e+01
7.543652e+00,2.570164e+02,1.634816e+00,9.853282e+03
1.358108e+00,1.777675e+02,3.685770e+00,6.300701e+02
8.136721e+00,2.121359e+02,4.665994e+00,3.011133e+03
5.754332e+00,1.112718e+02,6.641522e+00,7.373935e+02
1.111492e+00,1.931372e+02,1.849627e-01,9.784586e+03
7.614459e+00,3.226984e+02,9.334329e+00,2.235527e+03
5.979939e-01,2.071544e+02,8.467352e+00,3.564263e+01
6.503413e+00,1.598440e+02,8.420436e+00,1.152964e+03
2.360645e+00,3.990256e+02,2.699058e+00,2.726409e+03
3.243538e+00,3.783178e+02,2.352478e+00,4.304245e+03
7.016817e+00,3.533924e+02,2.245897e+00,9.287443e+03
8.494578e+00,1.625784e+02,2.801849e+00,4.076877e+03
3.964512e-01,3.100926e+02,5.820362e+00,-8.763741e+00
9.715341e+00,4.566957e+02,6.597921e+00,5.587758e+03
9.391480e+00,1.230502e+02,9.127557e+00,9.260507e+02
1.891262e+00,4.527400e+02,1.604756e+00,4.108175e+03
1.930281e+00,3.035509e+02,2.145158e+00,2.118185e+03
2.657215e+00,1.943986e+02,7.891889e+00,6.374640e+02
6.281531e+00,4.765517e+02,7.476453e+00,3.258679e+03
9.276556e+00,4.755432e+02,3.194540e+00,1.148082e+04
9.068670e+00,2.170855e+02,3.808901e-01,4.303176e+04
2.574166e+00,2.082342e+02,5.696616e+00,9.233820e+02
9.507684e+00,2.240082e+02,8.888865e-01,1.989079e+04
8.581000e+00,4.921722e+02,3.293710e+00,1.051549e+04
6.297277e+00,4.242258e+02,7.153738e+00,3.109486e+03
9.698192e+00,4.286466e+02,2.828662e+00,1.226364e+04
2.111568e+00,3.351183e+02,5.859017e+00,1.257296e+03
3.259078e+00,4.047437e+02,1.310376e+00,8.444930e+03
6.739197e+00,4.735717e+02,4.601819e+00,5.582151e+03
3.676210e+00,3.210739e+02,1.264072e+00,7.890311e+03
3.842452e+00,1.896857e+02,1.452574e+00,4.159912e+03
4.200991e+00,1.538592e+02,1.991390e+00,2.685596e+03
4.220417e+00,1.496548e+02,9.363555e+00,5.313815e+02
7.349260e+00,3.529039e+02,7.956393e+00,2.518977e+03
1.722442e-01,1.254183e+02,2.397329e+00,-7.582211e+01
4.682279e-01,4.638519e+02,9.247092e+00,1.219877e+02
5.594871e+00,4.122507e+02,4.893470e+00,3.919995e+03
6.765125e+00,3.443250e+02,1.894822e+00,1.025826e+04
5.904818e+00,3.695821e+02,1.220575e+00,1.490674e+04
1.868084e+00,3.653245e+02,6.323204e+00,9.835889e+02
4.256650e+00,4.516662e+02,5.772428e+00,2.765068e+03
8.086041e+00,1.979202e+02,7.779040e+00,1.884530e+03
1.006093e+00,1.200816e+02,9.329697e+00,2.516610e+02
8.752724e-01,3.280120e+02,2.491607e+00,9.688473e+02
5.156872e+00,1.977963e+02,5.995828e+00,1.572907e+03
2.890353e+00,3.111475e+02,6.186085e+00,1.172020e+03
9.774024e+00,1.509889e+02,8.749388e+00,1.359648e+03
9.620833e+00,2.589419e+02,9.372003e+00,2.266625e+03
7.283466e+00,4.965706e+02,6.167788e+00,5.057510e+03
5.475585e+00,1.454624e+02,3.944423e+00,1.617425e+03
1.620463e+00,1.713374e+02,6.181027e+00,6.631071e+02
1.925297e+00,2.782358e+02,3.462152e+00,1.351914e+03
1.569619e+00,1.731789e+02,1.645077e+00,1.268461e+03
9.454994e+00,4.145414e+02,1.149868e+00,2.820816e+04
6.969473e+00,1.219216e+02,7.008207e+00,7.894273e+02
4.181048e+00,4.994572e+02,5.005666e+00,3.594593e+03
6.527748e+00,1.951740e+02,7.820166e+00,1.438706e+03
4.722412e+00,4.833268e+02,9.117590e+00,2.087977e+03
9.660894e+00,1.746068e+02,6.381120e+00,2.143916e+03
6.144170e+00,2.686451e+02,3.342360e+00,4.263634e+03
5.118133e+00,2.157013e+02,5.202456e-01,1.781515e+04
5.866889e+00,4.648560e+02,5.081335e+00,4.550426e+03
6.048721e+00,1.024008e+02,9.533783e+00,5.417331e+02
3.554000e+00,2.328958e+02,8.514067e+00,7.800024e+02
3.174039e+00,3.510604e+02,4.349677e+00,2.165707e+03
1.865324e-01,3.460092e+02,9.183079e+00,2.107034e+02
8.107142e+00,3.025714e+02,9.583199e+00,2.099695e+03
8.853447e+00,4.845521e+02,5.216608e+00,6.712117e+03
5.260863e+00,1.838473e+02,9.162830e+00,7.134455e+02
5.869794e+00,4.510618e+02,7.023228e-01,3.137223e+04
4.561402e+00,3.991229e+02,9.668910e+00,1.527169e+03
5.847471e+00,1.539763e+02,8.067634e+00,1.131311e+03
7.292529e+00,1.503185e+02,9.025593e+00,9.706075e+02
7.278373e+00,2.160137e+02,6.842317e+00,1.905136e+03
5.811454e+00,4.281863e+02,4.510393e+00,4.643552e+03
8.896469e+00,3.468789e+02,2.369482e+00,1.058817e+04
9.459907e+00,1.778525e+02,2.845724e+00,4.795937e+03
8.335521e+00,2.872311e+02,4.524445e+00,4.276195e+03
9.236210e+00,3.035477e+02,8.777809e+00,2.467029e+03
3.827299e+00,2.871250e+02,4.343866e-01,2.103068e+04
3.930147e+00,3.373882e+02,1.464071e+00,7.557451e+03
2.869133e+00,3.783816e+02,6.627904e+00,1.433177e+03
6.846400e+00,3.566347e+02,9.153869e+00,2.284706e+03
8.920178e+00,1.518354e+02,9.546155e+00,1.290673e+03
6.193526e+00,3.280725e+02,2.968189e+00,5.754725e+03
6.423564e+00,4.676383e+02,3.832024e+00,6.607095e+03
3.876023e+00,1.666873e+02,3.407489e+00,1.410740e+03
7.588997e+00,1.247750e+02,7.430392e+00,9.410339e+02
9.574522e+00,1.232360e+02,9.135122e+00,9.818977e+02
6.935224e+00,3.733725e+02,5.305037e+00,4.125459e+03
2.211868e+00,2.606276e+02,9.539342e+00,4.097029e+02
5.400895e+00,1.726997e+02,1.656684e-01,4.699955e+04
9.129940e+00,1.365996e+02,2.953231e+00,3.316946e+03
7.273140e+00,2.585775e+02,8.778550e+00,1.737696e+03
8.424373e+00,1.364116e+02,7.945732e+00,1.230100e+03
8.603800e+00,4.499922e+02,1.905440e+00,1.669813e+04
3.750648e+00,3.894819e+02,6.521585e+00,1.815534e+03
1.420821e+00,4.368069e+02,7.999868e-01,6.439351e+03
6.516938e+00,2.986828e+02,7.295612e-01,2.217277e+04
7.736599e+00,1.940281e+02,6.537892e+00,1.986228e+03
2.522316e+00,2.852006e+02,1.116248e+00,5.262927e+03
7.702276e+00,3.948267e+02,8.796727e-01,2.878434e+04
2.345546e+00,1.076753e+02,2.672389e+00,8.007946e+02
8.034706e+00,1.009160e+02,1.067421e+00,6.177149e+03
3.637293e+00,3.040199e+02,3.407084e+00,2.680760e+03
5.337229e+00,2.207136e+02,8.257561e+00,1.071208e+03
4.064312e+00,2.910846e+02,7.701390e-01,1.276998e+04
8.100885e-01,2.107836e+02,6.277463e+00,1.903353e+02
5.828169e+00,2.841417e+02,2.774506e+00,4.998438e+03
6.632398e+00,2.460290e+02,1.622643e+00,8.328384e+03
9.473727e+00,1.304406e+02,2.078716e+00,4.815184e+03
5.243703e-01,3.407512e+02,2.084586e-01,7.341953e+03
8.137474e+00,1.999254e+02,2.003132e-01,6.743523e+04
8.204861e+00,2.744001e+02,9.928360e+00,1.924118e+03
7.607362e+00,3.669712e+02,8.167740e+00,2.908758e+03
6.514886e+00,2.281353e+02,4.863548e+00,2.814002e+03
7.824892e+00,3.183108e+02,3.843348e+00,5.527045e+03
4.812735e+00,3.804526e+02,4.732157e+00,3.211563e+03
4.875709e-01,4.170861e+02,6.730169e+00,1.471781e+02
3.126871e+00,2.468536e+02,8.524572e+00,7.790493e+02
8.262889e+00,2.270948e+02,1.263104e+00,1.241673e+04
8.844769e+00,1.968508e+02,6.918917e+00,2.144677e+03
1.475599e+00,3.986536e+02,2.070062e+00,2.266265e+03
2.336575e+00,4.975118e+02,1.912362e+00,5.044230e+03
3.998228e+00,3.016326e+02,9.926087e-01,1.010414e+04
2.998257e+00,3.160468e+02,2.030430e+00,4.060412e+03
5.598745e+00,3.747474e+02,6.103630e+00,2.742532e+03
1.771098e+00,3.612673e+02,6.853203e+00,6.646304e+02
7.947493e+00,4.871361e+02,6.693436e+00,4.917416e+03
8.970258e+00,2.037861e+02,9.320271e-01,1.645191e+04
3.990215e+00,1.056783e+02,6.063853e-01,5.820987e+03
5.381446e-01,1.781846e+02,9.796872e+00,1.674886e+02
1.789902e+00,2.127357e+02,5.487540e+00,6.323473e+02
5.131620e+00,2.728624e+02,7.088281e+00,1.468954e+03
2.997604e+00,1.072705e+02,8.808799e+00,6.699987e+01
6.155231e+00,4.681990e+02,3.495091e+00,6.667510e+03
9.482454e+00,1.496883e+02,3.863929e+00,3.259752e+03
2.305011e+00,4.945635e+02,1.379139e+00,7.136941e+03
2.596979e+00,4.716383e+02,4.183826e+00,2.265394e+03
3.009596e+00,3.765952e+02,1.896270e-01,4.962363e+04
4.895624e+00,4.188243e+02,2.172160e-01,7.827576e+04
2.205807e+00,1.366953e+02,1.018646e-01,2.464098e+04
5.886279e+00,3.222660e+02,4.647256e-01,3.383086e+04
4.427971e+00,1.663276e+02,6.975128e+00,8.740729e+02
4.471149e+00,1.101763e+02,5.625749e+00,7.391151e+02
6.526373e+00,3.155740e+02,9.484264e+00,2.196982e+03
8.292846e+00,1.793500e+02,7.031715e+00,1.770049e+03
9.214637e+00,3.596567e+02,9.247867e+00,3.151770e+03
5.278729e+00,1.397597e+02,1.550415e+00,3.757773e+03
9.063121e+00,1.658854e+02,2.692557e+00,4.525090e+03
5.912961e+00,4.602178e+02,2.928154e+00,8.203392e+03
9.488972e+00,3.462269e+02,9.356376e+00,3.030150e+03
7.187400e-01,1.594491e+02,9.100534e+00,-3.831187e+02
7.609365e+00,2.470719e+02,2.977002e+00,5.357835e+03
4.447684e+00,3.911788e+02,5.630970e+00,2.778215e+03
9.067324e+00,1.535944e+02,1.638088e+00,7.243117e+03
3.024898e+00,4.117551e+02,9.487624e+00,1.118010e+03
4.893203e+00,2.491449e+02,4.212186e+00,2.462288e+03
9.137916e+00,4.923163e+02,3.227616e+00,1.148320e+04
5.402626e+00,1.008309e+02,7.005166e+00,6.647777e+02
2.669426e+00,1.259239e+02,4.793183e+00,6.642870e+02
4.811008e+00,1.543930e+02,2.028835e-01,3.032627e+04
6.988916e+00,4.965197e+02,4.122001e+00,7.099003e+03
4.278758e+00,2.521779e+02,4.796152e-01,1.878832e+04
2.514592e+00,3.060163e+02,6.473456e+00,9.147597e+02
4.485597e+00,2.844039e+02,6.713895e+00,1.520941e+03
9.845629e-01,3.493975e+02,9.756066e-01,2.685999e+03
8.173068e+00,3.250034e+02,3.065348e+00,7.284618e+03
8.964589e+00,1.277661e+02,6.693581e+00,1.458633e+03
7.845124e+00,3.093121e+02,3.454040e+00,5.928172e+03
2.062173e+00,3.780821e+02,3.149974e-01,2.061214e+04
8.410984e+00,1.287877e+02,7.891982e+00,1.315468e+03
1.761546e-01,1.999229e+02,8.899236e+00,1.980131e+01
3.138135e+00,4.063212e+02,9.122139e+00,1.267988e+03
5.038636e+00,3.222974e+02,8.186265e+00,1.731994e+03
5.518640e+00,4.259672e+02,8.675206e-01,2.250440e+04
1.741336e+00,4.383118e+02,7.083870e+00,9.250259e+02
2.719601e+00,4.171710e+02,5.304459e+00,2.056120e+03
4.244110e-01,2.749158e+02,5.790442e+00,-2.047512e+02
2.176867e+00,2.123498e+02,1.235908e+00,3.235699e+03
8.981687e+00,3.255810e+02,4.920798e+00,4.919093e+03
9.222111e-01,1.080312e+02,6.421566e+00,-8.199249e+01
9.743962e+00,4.264167e+02,4.463433e+00,7.659693e+03
6.744059e+00,2.345779e+02,3.636905e-01,3.623968e+04
6.018221e+00,2.179820e+02,6.371847e+00,1.620587e+03
1.331955e+00,1.054816e+02,2.643469e-01,4.238115e+03
3.035022e+00,4.821938e+02,8.188148e+00,1.447841e+03
1.726374e+00,1.404185e+02,8.566355e+00,1.890162e+02
3.159053e+00,2.629878e+02,8.594571e+00,7.681737e+02
1.969832e+00,2.588545e+02,5.439325e-01,7.718097e+03
4.384592e+00,3.990271e+02,6.074879e+00,2.055745e+03
8.268364e-01,4.714644e+02,9.661817e-01,3.324217e+03
5.706109e+00,2.696349e+02,9.063659e+00,1.324170e+03
6.829087e-01,4.685188e+02,5.723997e+00,5.316896e+02
6.548286e+00,1.387678e+02,5.467702e-01,1.377639e+04
2.125644e+00,2.785242e+02,3.905098e+00,1.326898e+03
1.372252e+00,2.713698e+02,1.048838e+00,3.075590e+03
2.213271e+00,1.315669e+02,3.505988e+00,8.841490e+02
5.955395e+00,3.714812e+02,2.688836e+00,6.745128e+03
6.378601e+00,4.082615e+02,5.121091e+00,4.193625e+03
9.264871e+00,3.297400e+02,4.800493e+00,5.684375e+03
1.186524e+00,2.564015e+02,2.743263e+00,8.495204e+02
3.564868e+00,3.663247e+02,3.319863e+00,3.188800e+03
7.271164e+00,2.535097e+02,3.334090e+00,4.535148e+03
5.436712e+00,1.123640e+02,4.897890e-01,1.042538e+04
3.766507e+00,1.368984e+02,9.686370e+00,5.829142e+02
8.081967e+00,3.978159e+02,9.095496e+00,2.884486e+03
7.976512e+00,2.646799e+02,6.168645e-01,2.846264e+04
6.233686e+00,4.624138e+02,3.482641e+00,6.782928e+03
2.734599e-01,1.682429e+02,1.761367e+00,1.104418e+02
7.346261e+00,4.660614e+02,1.564483e+00,1.831230e+04
1.026023e+00,2.345726e+02,6.685651e+00,4.631366e+02
8.835416e+00,4.665840e+02,6.080023e+00,5.508701e+03
2.457320e+00,2.160110e+02,4.056165e+00,1.090781e+03
5.417394e+00,2.195023e+02,9.385414e+00,1.216915e+03
8.302155e+00,1.580798e+02,8.097776e-01,1.375164e+04
1.657511e+00,1.551954e+02,4.123716e+00,4.851221e+02
5.696223e+00,4.577390e+02,8.382425e+00,2.567700e+03
1.256717e+00,2.282726e+02,6.591376e+00,5.716576e+02
2.827401e+00,2.426174e+02,6.987137e-01,8.203467e+03
4.425379e+00,3.597850e+02,6.708297e+00,1.899736e+03
3.001898e-01,1.715332e+02,6.457633e+00,1.321891e+02
3.206822e+00,2.237397e+02,6.920049e+00,1.087621e+03
8.939334e+00,3.707170e+02,8.261990e+00,3.601585e+03
2.052633e+00,2.242327e+02,2.513349e+00,1.417040e+03
4.999671e+00,3.565575e+02,3.337918e+00,4.440333e+03
3.270156e+00,1.717355e+02,3.307716e+00,1.394610e+03
7.420772e-01,1.763469e+02,5.820110e+00,6.654045e+01
5.800639e+00,4.235624e+02,3.201962e+00,6.330621e+03
3.893308e+00,3.620099e+02,3.835466e+00,2.892114e+03
8.471521e+00,1.159103e+02,6.151758e+00,1.159033e+03
5.617518e+00,3.267207e+02,7.149809e+00,2.119755e+03
1.605808e+00,4.208749e+02,3.339283e+00,1.771023e+03
8.483830e+00,4.625519e+02,3.716649e+00,8.681383e+03
7.674705e+00,1.633096e+02,6.560592e+00,1.340376e+03
2.381903e+00,1.998771e+02,4.473999e-01,8.922275e+03
6.923795e+00,1.324335e+02,1.463646e+00,5.078206e+03
7.193410e+00,3.249597e+02,2.157419e+00,8.874687e+03
3.932398e-01,1.127384e+02,4.679065e+00,1.099271e+02
5.098186e+00,3.727370e+02,8.714824e+00,1.927123e+03
2.338434e+00,4.378885e+02,5.498453e+00,1.626085e+03
8.357307e+00,4.365095e+02,7.932934e+00,4.079705e+03
6.395538e+00,2.741113e+02,9.126843e+00,1.447893e+03
8.608797e+00,1.121010e+02,4.200302e+00,1.871840e+03
8.125057e+00,4.783352e+02,2.730915e+00,1.200107e+04
1.462500e+00,2.799139e+02,3.843342e+00,8.170573e+02
3.799795e+00,1.050387e+02,5.229756e+00,6.161149e+02
7.566821e+00,1.618154e+02,7.931655e+00,1.101396e+03
7.074534e+00,1.480829e+02,6.298651e+00,1.242356e+03
7.424482e+00,3.476337e+02,3.174468e+00,6.696545e+03
5.915111e+00,4.924439e+02,7.780491e+00,3.001438e+03
2.136835e+00,2.723778e+02,5.666695e+00,9.187943e+02
5.734319e+00,2.701947e+02,4.513646e+00,3.062798e+03
1.115669e+00,1.768917e+02,9.004008e+00,4.018285e+02
2.819102e+00,3.273569e+02,8.379955e+00,6.747446e+02
2.227432e-01,2.309159e+02,9.713230e+00,-9.002774e+01
9.477590e+00,2.937714e+02,8.741396e+00,2.592676e+03
4.741134e-01,3.492653e+02,4.253159e-01,3.189551e+03
7.138568e+00,4.277535e+02,3.772435e+00,6.736189e+03
2.006494e+00,4.730302e+02,9.525057e+00,7.355285e+02
5.656280e+00,3.476384e+02,6.574659e+00,2.551031e+03
4.742672e+00,4.194555e+02,7.611449e+00,2.239145e+03
6.804648e+00,4.356095e+02,1.349217e-01,1.826816e+05
7.098563e+00,3.617525e+02,1.509804e+00,1.400323e+04
5.040167e+00,3.529826e+02,9.328806e+00,1.695792e+03
5.006443e+00,1.516933e+02,1.459757e+00,4.330568e+03
1.128896e-01,1.349284e+02,5.767222e+00,1.335473e+02
3.615227e+00,1.414159e+02,7.121106e+00,6.984165e+02
2.522122e+00,3.333664e+02,9.462952e+00,8.116473e+02
3.044610e+00,4.736858e+02,3.401590e-01,3.528890e+04
6.368300e+00,3.214004e+02,6.717595e+00,2.560923e+03
9.340516e+00,4.520007e+02,4.407587e+00,7.781804e+03
2.047272e+00,1.791784e+02,8.068669e-01,3.862656e+03
9.355825e+00,4.483802e+02,5.921097e+00,5.932119e+03
5.180912e+00,4.287465e+02,8.367079e+00,2.248214e+03
6.566696e+00,2.641980e+02,3.379916e-01,4.245958e+04
7.616465e+00,2.143497e+02,4.421427e+00,3.286060e+03
8.477141e+00,3.599735e+02,1.207391e+00,2.107729e+04
6.285303e+00,1.635333e+02,5.732772e-01,1.497701e+04
3.292243e+00,2.390086e+02,7.344137e+00,8.922453e+02
4.989190e+00,4.251970e+02,2.800924e+00,6.354270e+03
4.625184e+00,1.545671e+02,2.505538e+00,2.580401e+03
4.559302e+00,3.721107e+02,8.498399e+00,1.454602e+03
2.704106e+00,3.193536e+02,7.185646e+00,1.196710e+03
9.026378e+00,2.899515e+02,4.263933e+00,5.018677e+03
5.199193e+00,3.105717e+02,7.644486e+00,1.829728e+03
6.722191e+00,1.343355e+02,8.421331e+00,8.907723e+02
5.789143e+00,4.167630e+02,7.774886e+00,2.357240e+03
1.105263e+00,4.498547e+02,9.754995e+00,1.625784e+02
1.933767e+00,2.138158e+02,9.722966e-01,3.624965e+03
5.890650e+00,1.355737e+02,5.030171e+00,1.265591e+03
9.144802e+00,3.559742e+02,9.876360e+00,2.679142e+03
3.097189e+00,3.749369e+02,8.172899e+00,1.463899e+03
8.150915e+00,1.792125e+02,1.453529e+00,8.245851e+03
4.613342e+00,4.544751e+02,2.890432e+00,6.006838e+03
3.986069e+00,3.916646e+02,6.658672e+00,1.800922e+03
6.967012e+00,4.232668e+02,3.275209e+00,7.456400e+03
4.160850e+00,4.941900e+02,3.360511e+00,5.196911e+03
3.899060e+00,4.633186e+02,2.212237e+00,6.820229e+03
3.920588e+00,1.699715e+02,6.919210e+00,9.034485e+02
2.757284e-01,3.564903e+02,8.671907e+00,5.175341e+00
7.552670e+00,4.651189e+02,4.199084e+00,7.098912e+03
1.720315e+00,4.531379e+02,4.491744e+00,1.511993e+03
9.843133e+00,3.924232e+02,6.384570e+00,4.969413e+03
5.900666e+00,3.472431e+02,3.572307e+00,4.875167e+03
4.222137e+00,2.374748e+02,2.463031e+00,3.175841e+03
3.310568e+00,1.629794e+02,2.742908e+00,1.475357e+03
2.059539e+00,2.876805e+02,8.967858e+00,5.951475e+02
1.112288e+00,4.505178e+02,8.264037e+00,4.865557e+02
6.258846e+00,3.256675e+02,3.672729e+00,4.383233e+03
6.275188e+00,4.903799e+02,4.028296e+00,6.329888e+03
6.423099e+00,2.903759e+02,8.967314e+00,1.773044e+03
5.335044e+00,4.276063e+02,3.346309e+00,5.516030e+03
3.677290e+00,2.507103e+02,5.759036e+00,1.404204e+03
5.379494e+00,2.592804e+02,1.421584e+00,7.838517e+03
6.657940e+00,2.063697e+02,3.711687e+00,3.126172e+03
2.364394e+00,4.772953e+02,3.651778e+00,2.547139e+03
4.184525e+00,4.822122e+02,9.854841e+00,1.734222e+03
7.581847e+00,4.546576e+02,2.827284e+00,1.044527e+04
6.123674e+00,2.137935e+02,3.702885e+00,3.026609e+03
4.019002e+00,1.926799e+02,6.529442e+00,9.176384e+02
1.825361e+00,4.090211e+02,8.671420e+00,7.486045e+02
5.252375e+00,1.390652e+02,4.211722e+00,1.365580e+03
8.617189e+00,1.867851e+02,1.387818e+00,9.585279e+03
2.860525e-01,1.468984e+02,5.622266e+00,1.720879e+02
6.608995e+00,3.219996e+02,1.985098e+00,8.869280e+03
9.328820e+00,1.147436e+02,4.333956e+00,1.817186e+03
7.871827e+00,2.949476e+02,5.203877e+00,3.610010e+03
8.853703e+00,4.768138e+02,2.434113e+00,1.443729e+04
9.618953e+00,4.734861e+02,6.698618e+00,5.719795e+03
7.332172e+00,1.444105e+02,7.052467e+00,1.296720e+03
3.485255e+00,4.396586e+02,9.690120e+00,1.313429e+03
2.334713e+00,1.832831e+02,5.141639e+00,1.030581e+03
1.221115e+00,3.194783e+02,8.964702e+00,5.456016e+02
6.199140e+00,1.915333e+02,4.744710e+00,1.856212e+03
5.384472e+00,3.107936e+02,8.525652e+00,1.390073e+03
2.306709e+00,2.329476e+02,3.099174e+00,1.477836e+03
4.371583e+00,1.754456e+02,8.114404e-01,7.987540e+03
7.574366e+00,2.180537e+02,4.521506e+00,2.828106e+03
5.887587e-01,4.664733e+02,9.577775e+00,2.034746e+02
4.664700e+00,4.633038e+02,9.689596e-01,1.865925e+04
1.551374e+00,4.065901e+02,2.947006e+00,1.738237e+03
8.552242e+00,1.471350e+02,8.399503e+00,1.364142e+03
3.911576e+00,4.125077e+02,5.671247e+00,2.457773e+03
3.904359e+00,4.328998e+02,5.976903e+00,2.236505e+03
1.531812e+00,1.495217e+02,7.335650e+00,2.456189e+02
6.171377e+00,2.025947e+02,1.274184e+00,7.940513e+03
3.467387e+00,1.691880e+02,2.989797e+00,1.609733e+03
7.113126e+00,3.220504e+02,8.963648e+00,1.852055e+03
7.519143e+00,2.191099e+02,4.858495e+00,2.651041e+03
5.415542e+00,4.180694e+02,4.588908e-01,4.121382e+04
6.448522e+00,2.141058e+02,3.945761e+00,2.981938e+03
4.079475e+00,3.180808e+02,1.542609e+00,6.958559e+03
4.796114e+00,2.054735e+02,4.005132e+00,1.807193e+03
4.564102e+00,1.792321e+02,6.078825e+00,1.020902e+03
1.906001e-01,3.297683e+02,1.970301e+00,1.972363e+02
6.358327e+00,1.586419e+02,7.131920e+00,1.046915e+03
3.788035e+00,3.141373e+02,1.628688e+00,6.049094e+03
1.306177e-01,4.382494e+02,4.725707e+00,-1.138183e+02
2.651987e+00,1.157062e+02,9.392698e+00,1.072999e+02
4.312844e-01,4.929218e+02,7.945291e+00,1.339970e+02
1.739876e+00,3.615717e+02,7.734295e+00,5.329678e+02
5.319291e+00,3.497110e+02,8.192038e-01,1.865359e+04
7.159150e+00,3.450920e+02,9.246691e+00,2.406505e+03
5.096367e+00,4.978591e+02,2.829126e+00,7.526942e+03
6.417032e+00,4.326244e+02,5.465475e+00,4.017492e+03
6.416105e+00,1.007660e+02,4.953883e+00,1.102144e+03
2.919238e+00,4.939544e+02,9.022647e+00,1.320443e+03
2.029865e+00,4.262262e+02,6.044611e+00,1.301495e+03
8.824781e-01,4.754539e+02,6.531865e+00,4.607382e+02
9.869471e+00,2.531316e+02,2.560792e+00,7.968449e+03
2.902529e+00,4.260295e+02,1.298955e+00,8.090294e+03
7.593978e+00,1.922381e+02,9.224782e+00,1.359620e+03
6.911818e+00,2.294859e+02,6.165655e+00,2.069038e+03
1.795084e+00,1.816722e+02,3.737740e+00,6.360900e+02
9.781896e+00,2.579577e+02,8.336038e+00,2.445044e+03
1.113413e+00,4.386226e+02,3.183946e+00,1.304514e+03
2.560579e+00,3.137497e+02,3.635258e+00,1.806632e+03
7.057959e+00,1.355415e+02,1.919637e+00,4.042713e+03
6.733409e+00,1.960330e+02,8.382238e+00,1.237258e+03
5.353062e+00,4.395977e+02,2.577442e+00,7.724739e+03
7.754728e+00,1.619532e+02,8.479816e+00,1.179224e+03
5.639030e+00,3.205756e+02,9.128553e+00,1.628915e+03
2.287061e+00,1.784087e+02,8.706764e+00,4.177511e+02
5.608731e+00,1.834234e+02,2.618963e+00,3.404363e+03
5.852010e-01,4.900056e+02,9.008251e+00,6.830009e+01
5.505872e+00,4.637223e+02,4.369572e+00,4.950370e+03
8.102925e+00,1.537753e+02,9.409656e+00,1.099142e+03
6.831301e+00,2.480366e+02,6.602622e+00,1.912197e+03
5.540610e+00,2.436933e+02,4.242436e+00,2.630963e+03
2.321135e+00,2.590403e+02,2.438106e+00,2.104287e+03
5.318027e-01,3.443441e+02,5.646751e+00,4.252888e+02
9.689012e+00,1.331590e+02,2.870868e+00,3.719942e+03
8.981002e+00,1.711027e+02,8.763129e-01,1.442587e+04
3.624567e+00,2.986497e+02,5.952922e+00,1.755492e+03
4.582643e+00,1.885643e+02,8.628344e-01,8.415389e+03
5.599640e+00,1.497766e+02,6.977085e+00,1.210150e+03
9.476577e-01,2.434234e+02,7.444921e+00,1.252676e+02
1.119589e+00,2.512336e+02,8.435479e+00,7.551201e+01
8.966424e+00,1.796697e+02,8.582137e+00,1.467846e+03
5.605605e+00,4.612756e+02,3.759980e+00,5.478646e+03
5.653802e+00,4.390039e+02,7.527773e+00,2.753107e+03
1.812832e+00,2.511292e+02,5.624972e-01,6.946558e+03
3.061291e+00,1.689965e+02,7.274511e-01,5.932893e+03
5.427983e+00,4.533741e+02,3.267106e+00,6.289730e+03
9.280658e+00,1.402798e+02,5.888260e+00,1.846851e+03
4.766836e-01,2.570453e+02,3.703647e+00,2.086041e+02
6.191758e+00,2.321911e+02,5.096885e+00,2.175400e+03
3.766940e+00,2.151130e+02,8.397644e+00,8.842115e+02
7.694608e+00,1.565088e+02,5.601098e+00,1.676054e+03
1.061076e+00,3.069987e+02,9.066548e+00,4.263133e+02
5.529160e+00,2.948108e+02,9.056856e+00,1.623804e+03
3.904709e+00,3.401431e+02,6.287413e+00,1.571977e+03
9.642212e+00,3.814715e+02,4.180669e+00,7.268839e+03
8.408349e+00,3.070427e+02,7.646200e+00,2.709140e+03
5.318382e+00,2.349045e+02,3.814270e+00,2.578697e+03
1.483935e+00,2.254444e+02,5.327446e-01,5.311430e+03
2.719204e-01,3.471015e+02,6.495282e+00,8.464442e+01
8.682197e+00,3.081392e+02,1.961968e+00,1.137695e+04
7.086290e+00,4.324153e+02,8.409330e+00,2.909729e+03
4.782644e+00,3.735400e+02,9.692840e+00,1.419966e+03
7.965491e+00,1.337328e+02,3.024890e+00,2.795225e+03
8.190765e+00,4.800198e+02,7.764142e+00,4.105393e+03
7.907694e+00,3.370134e+02,7.372753e-01,3.004577e+04
1.459869e+00,1.587664e+02,3.478308e+00,5.307354e+02
4.027770e+00,2.175768e+02,2.417227e-01,3.013096e+04
3.899687e+00,3.142234e+02,4.291267e-01,2.377297e+04
6.987373e-01,1.719788e+02,6.154864e+00,3.641023e+01
5.241204e+00,2.598723e+02,6.963255e+00,1.446739e+03
5.850140e+00,3.447455e+02,3.795207e-01,4.408049e+04
6.024241e+00,3.745532e+02,6.493898e+00,3.086384e+03
2.739432e+00,3.023221e+02,3.333474e+00,2.122165e+03
1.306887e+00,1.756201e+02,8.615101e+00,1.992775e+01
9.815557e+00,2.443435e+02,2.905698e+00,6.744290e+03
6.736904e+00,4.622401e+02,4.657961e+00,5.486600e+03
6.657345e+00,1.496171e+02,3.209008e+00,2.647548e+03
6.241890e+00,4.718237e+02,8.669440e+00,2.520707e+03
1.376496e+00,3.829336e+02,6.315449e+00,6.942229e+02
9.161256e+00,4.602835e+02,8.795141e+00,3.852499e+03
3.014848e+00,3.344145e+02,1.467720e+00,5.592635e+03
2.271038e+00,1.345167e+02,3.313493e+00,5.793439e+02
7.806761e+00,3.780298e+02,2.440014e+00,9.923712e+03
3.577328e+00,2.704408e+02,1.064028e+00,7.344099e+03
2.881601e-01,2.134752e+02,9.207024e+00,2.731835e+02
8.232128e+00,2.864852e+02,9.883495e-01,1.996627e+04
5.112980e+00,3.563458e+02,2.815919e+00,5.247900e+03
9.672294e-01,2.618596e+02,1.734330e+00,1.142257e+03
3.101785e+00,3.993967e+02,3.172198e+00,3.270972e+03
7.734223e+00,2.762781e+02,2.940844e+00,6.133315e+03
9.230382e+00,4.621199e+02,5.365875e+00,6.404332e+03
8.140180e+00,3.528196e+02,3.316023e+00,7.287343e+03
9.200302e+00,2.846592e+02,3.279986e+00,6.600577e+03
2.244290e+00,2.931878e+02,5.590994e+00,1.008660e+03
9.645694e+00,1.052078e+02,2.559658e+00,3.131956e+03
6.726225e+00,1.039023e+02,5.815126e+00,7.068372e+02
4.578746e+00,4.381287e+02,4.110629e+00,4.067127e+03
8.925835e+00,2.087077e+02,2.810277e+00,5.405664e+03
4.236001e-01,4.973879e+02,5.928136e+00,2.497967e+02
2.719693e+00,4.805498e+02,8.666963e+00,1.292212e+03
3.115352e+00,1.168520e+02,3.463898e+00,8.573501e+02
9.590832e+00,1.144795e+02,7.771706e+00,1.078059e+03
3.100533e-01,3.156973e+02,3.298627e+00,1.098120e+02
1.186295e+00,1.196761e+02,9.712995e+00,1.888779e+02
4.678909e+00,4.102984e+02,2.403147e+00,6.725423e+03
5.130335e+00,1.209522e+02,4.018109e+00,1.543287e+03
7.305802e+00,3.721195e+02,2.764806e+00,7.852035e+03
2.931040e+00,2.899808e+02,7.454922e+00,8.692442e+02
5.385825e-01,1.095315e+02,3.945948e+00,2.065909e+02
5.366256e+00,4.213843e+02,4.712041e+00,4.115113e+03
1.621570e+00,2.306151e+02,4.528845e+00,9.134041e+02
3.656796e+00,4.042654e+02,1.315216e+00,9.381494e+03
7.016400e+00,3.881343e+02,2.356030e+00,9.777487e+03
3.815252e-01,3.838354e+02,5.421483e-01,2.239905e+03
7.099530e+00,3.400900e+02,9.178444e-01,2.168902e+04
7.199325e+00,3.368256e+02,9.613170e+00,2.316036e+03
5.794257e+00,3.643883e+02,7.755624e+00,2.040335e+03
3.045170e+00,3.301514e+02,6.265423e+00,1.418199e+03
8.455178e+00,2.495814e+02,1.885360e+00,9.305049e+03
3.629121e+00,1.597992e+02,7.611923e+00,4.501529e+02
3.014304e+00,2.356639e+02,4.047896e+00,1.327705e+03
8.970483e+00,3.748939e+02,4.058369e+00,6.892082e+03
8.655454e+00,1.658631e+02,7.886392e-01,1.520007e+04
3.337434e+00,4.812613e+02,1.975476e+00,6.921917e+03
4.400312e+00,2.345250e+02,6.612543e+00,1.300558e+03
9.297726e+00,2.583798e+02,5.786121e+00,3.134850e+03
4.024793e+00,2.583973e+02,4.497207e+00,1.787624e+03
6.771391e+00,2.650260e+02,7.277161e+00,1.799525e+03
1.358454e+00,4.081222e+02,7.959834e+00,4.692074e+02
2.477326e+00,2.024122e+02,6.383048e+00,6.028611e+02
7.077852e+00,4.984505e+02,4.813946e+00,6.207779e+03
2.035709e+00,4.197782e+02,6.420445e+00,1.022222e+03
5.983428e+00,4.920584e+02,2.814695e+00,8.678777e+03
7.489751e+00,4.168323e+02,3.459584e+00,7.570781e+03
4.490049e+00,3.138362e+02,7.082474e+00,1.676420e+03
3.057494e+00,2.778324e+02,1.641608e+00,4.360855e+03
5.143767e+00,2.102003e+02,7.080695e+00,1.112915e+03
9.299297e+00,1.348047e+02,3.404376e+00,3.081629e+03
2.778771e+00,1.327948e+02,3.218904e+00,8.214334e+02
4.478121e-01,1.319305e+02,4.728190e+00,2.582118e+02
7.081902e-01,2.657660e+02,7.021187e+00,2.897030e+02
5.094227e+00,3.833020e+02,1.635930e+00,9.812434e+03
1.304748e+00,2.005074e+02,9.428253e+00,3.673716e+02
1.809437e+00,4.656844e+02,4.060622e+00,1.551904e+03
8.175413e+00,2.260265e+02,5.211126e+00,2.890176e+03
1.242906e+00,3.051093e+02,8.357602e+00,3.457268e+02
2.428384e+00,3.179037e+02,1.683672e+00,3.838395e+03
9.043667e+00,3.150520e+02,8.348920e+00,2.808017e+03
2.597777e+00,2.075848e+02,5.839043e+00,8.876525e+02
4.149300e+00,1.835781e+02,5.699752e+00,1.087415e+03
7.455400e+00,1.429254e+02,4.640554e+00,1.869306e+03
4.432409e+00,2.692437e+02,6.029438e+00,1.704712e+03
9.840433e+00,2.464192e+02,7.401000e+00,2.769886e+03
5.186189e-01,3.448276e+02,3.176128e+00,3.065027e+02
6.532341e+00,1.837488e+02,4.011686e+00,2.330366e+03
2.833787e+00,3.348991e+02,4.757338e+00,1.797669e+03
8.482567e+00,3.594052e+02,7.506584e+00,3.335087e+03
7.712914e+00,1.665862e+02,8.467278e+00,1.339400e+03
9.187039e+00,2.927619e+02,7.329375e+00,3.188598e+03
5.317777e+00,2.551653e+02,3.355279e+00,3.278914e+03
2.216349e+00,1.925392e+02,6.502103e+00,6.722548e+02
1.305858e+00,3.825836e+02,1.487645e+00,2.855000e+03
1.106608e+00,2.237637e+02,2.854552e+00,8.492801e+02
3.755960e+00,4.980331e+02,1.014397e+00,1.513671e+04
4.134023e+00,1.878157e+02,3.758926e+00,2.056501e+03
3.188925e+00,1.894735e+02,2.419004e+00,1.614698e+03
8.806551e+00,4.633122e+02,2.695807e+00,1.274671e+04
2.580543e+00,3.672392e+02,2.308017e+00,3.512301e+03
6.021991e+00,3.513442e+02,4.127852e+00,4.240979e+03
5.474797e+00,4.443259e+02,5.106191e+00,4.141865e+03
4.868883e+00,2.227585e+02,6.484453e+00,1.399780e+03
9.766856e+00,4.823964e+02,6.543815e+00,5.865283e+03
1.442983e+00,1.979869e+02,9.956598e+00,7.439581e+01
1.673627e+00,3.710271e+02,2.553472e-01,2.044241e+04
7.833256e-01,4.335356e+02,3.062510e+00,1.039367e+03
7.321246e+00,4.938755e+02,1.472660e+00,2.057407e+04
7.202673e+00,4.075977e+02,3.442336e+00,7.321739e+03
3.702723e+00,1.901303e+02,1.986295e+00,3.063562e+03
5.773919e+00,4.678673e+02,6.526127e-01,3.424273e+04
8.862133e+00,1.068291e+02,9.789078e+00,6.088993e+02
8.183301e+00,1.689855e+02,2.456846e+00,4.755431e+03
5.846975e+00,3.327890e+02,9.437028e+00,1.768080e+03
1.563396e+00,1.218789e+02,8.082984e+00,2.585627e+02
2.876985e+00,3.332193e+02,3.095574e+00,2.851824e+03
2.190626e+00,3.518318e+02,4.538538e+00,1.303568e+03
9.292264e+00,1.815176e+02,2.255057e+00,6.305304e+03
3.019063e+00,4.389923e+02,7.907997e+00,1.267579e+03
3.797139e+00,4.815150e+02,5.042442e+00,2.851122e+03
1.790190e+00,2.604486e+02,2.628941e+00,1.245779e+03
4.911222e+00,3.513206e+02,9.200196e+00,1.443413e+03
6.570772e+00,4.699737e+02,7.113240e+00,3.676699e+03
1.319764e+00,1.362524e+02,4.292640e+00,3.097236e+02
8.242020e+00,4.720329e+02,1.362185e+00,2.373073e+04
1.897304e+00,3.587592e+02,5.623079e+00,1.155286e+03
6.119906e+00,1.294011e+02,7.431026e+00,9.640815e+02
6.228607e+00,3.829158e+02,5.716934e-01,3.463624e+04
9.061778e+00,3.864855e+02,2.934848e+00,9.877838e+03
8.035693e+00,4.764291e+02,7.106371e+00,4.553059e+03
6.023841e+00,3.826963e+02,3.885104e+00,5.056594e+03
8.168434e+00,3.178557e+02,7.946460e+00,2.754611e+03
3.636969e+00,4.906864e+02,9.557426e+00,1.533404e+03
4.347606e+00,3.846404e+02,8.044689e-01,1.724211e+04
5.588698e-01,2.938368e+02,5.289014e+00,4.635159e+02
1.548888e+00,3.189802e+02,3.176027e+00,1.367021e+03
8.901930e+00,1.335929e+02,2.726990e-01,3.629191e+04
8.096620e+00,3.564050e+02,7.985131e+00,3.020119e+03
6.173015e+00,3.119288e+02,4.822567e+00,3.366299e+03
3.445247e+00,4.746367e+02,9.633454e+00,1.255121e+03
2.892308e+00,3.728443e+02,3.571577e+00,2.388690e+03
8.997021e+00,3.593886e+02,2.189721e+00,1.242802e+04
9.507494e+00,3.033380e+02,9.132439e+00,2.409170e+03
1.541506e+00,2.274087e+02,4.675387e+00,6.190766e+02
8.001608e+00,1.571528e+02,9.270806e+00,9.967414e+02
3.003183e+00,4.967517e+02,2.111782e+00,5.790512e+03
8.363689e+00,4.820520e+02,7.240635e+00,4.547194e+03
1.997694e-01,1.908486e+02,4.699151e+00,8.557778e+00
3.487423e+00,4.143526e+02,6.312870e+00,1.640443e+03
2.610446e+00,1.342916e+02,2.099863e+00,1.459551e+03
5.598196e-01,1.353652e+02,6.310256e+00,7.363439e+01
5.786830e+00,1.405755e+02,3.489311e+00,2.137719e+03
3.003965e+00,3.339570e+02,5.802810e+00,1.484816e+03
4.266012e+00,4.578986e+02,6.735823e+00,2.251915e+03
8.731736e-01,1.011158e+02,7.391593e+00,1.536373e+02
3.345556e+00,4.067313e+02,4.851365e-01,2.333745e+04
2.853775e+00,3.294345e+02,9.813283e+00,5.368100e+02
3.722934e+00,4.810304e+02,1.232418e+00,1.210814e+04
1.309142e+00,2.512858e+02,6.958899e+00,4.779947e+02
5.878752e+00,1.360812e+02,3.987459e+00,1.781924e+03
9.943573e+00,2.974030e+02,6.153936e+00,3.721437e+03
6.930145e+00,4.522291e+02,7.652827e+00,3.399940e+03
2.363874e+00,2.223695e+02,4.371906e+00,8.295570e+02
3.020822e+00,1.493989e+02,9.381267e+00,5.480725e+02
9.538767e+00,2.146718e+02,9.893795e+00,1.813879e+03
2.205844e+00,4.025815e+02,4.884488e+00,1.586184e+03
3.784067e+00,2.669007e+02,8.135285e+00,1.020837e+03
9.571867e+00,3.054805e+02,2.935483e+00,8.108225e+03
5.288971e+00,3.183463e+02,3.438184e+00,4.117696e+03
3.142313e-01,3.011161e+02,8.402590e+00,1.457492e+02
5.606369e+00,1.240960e+02,9.244733e+00,5.582866e+02
9.878246e+00,2.669186e+02,4.281463e+00,5.293785e+03
5.142355e+00,1.593253e+02,8.270148e+00,7.760942e+02
2.757134e+00,1.986046e+02,8.080610e+00,8.662407e+02
4.307270e+00,1.881054e+02,2.593501e+00,2.961874e+03
6.150971e+00,4.135354e+02,4.848668e+00,4.487302e+03
5.887086e+00,3.141405e+02,9.625777e+00,1.533064e+03
5.271279e+00,4.648961e+02,4.619921e+00,4.336167e+03
2.630822e+00,1.748170e+02,9.202279e+00,3.528791e+02
3.307302e-01,4.351971e+02,4.625342e+00,1.792022e+02
5.762208e+00,1.735105e+02,1.113140e+00,7.330351e+03
4.143343e+00,4.779933e+02,6.875702e+00,2.404428e+03
6.799151e+00,2.787156e+02,1.373367e+00,1.139835e+04
8.625298e+00,3.803095e+02,3.943505e+00,6.880806e+03
7.163132e+00,2.302338e+02,6.755039e+00,1.854911e+03
7.624996e+00,3.799588e+02,8.165498e+00,2.882547e+03
2.023677e+00,1.285187e+02,4.005359e+00,2.360126e+02
1.047301e+00,2.255623e+02,4.516850e-01,4.371659e+03
8.368403e+00,2.800605e+02,3.444436e-01,5.639363e+04
8.417710e+00,3.757774e+02,3.322353e+00,7.800649e+03
3.287407e+00,2.920604e+02,1.541590e+00,5.075991e+03
7.965619e-01,3.696031e+02,1.269706e+00,2.143910e+03
8.978363e+00,4.700499e+02,7.885603e+00,4.511184e+03
4.040033e+00,4.949517e+02,5.384605e+00,2.927267e+03
6.878475e+00,2.093520e+02,5.855215e+00,2.103131e+03
4.767981e+00,4.160448e+02,9.407050e+00,1.800106e+03
5.245443e+00,3.009636e+02,4.265321e+00,3.057370e+03
6.562496e+00,2.731684e+02,8.516797e+00,1.829110e+03
6.529482e+00,1.756638e+02,7.147346e-01,1.351619e+04
2.969638e+00,1.616343e+02,5.601284e+00,7.425283e+02
9.450854e+00,4.328263e+02,8.447155e+00,4.135083e+03
4.549380e+00,1.442439e+02,2.739376e+00,2.117484e+03
1.002399e+00,1.209229e+02,9.268945e+00,6.089251e+01
3.101933e+00,4.695007e+02,9.952155e+00,1.400711e+03
7.815256e+00,3.172828e+02,2.667647e+00,7.584488e+03
3.802985e+00,3.138225e+02,4.984301e+00,1.883799e+03
4.598278e+00,3.213216e+02,2.860691e+00,4.206880e+03
2.156865e-01,3.423229e+02,2.972787e+00,2.483909e+02
4.568330e+00,4.387106e+02,1.360415e+00,1.231767e+04
4.305724e+00,3.459446e+02,2.846560e-01,4.322450e+04
1.462141e+00,1.664391e+02,6.105115e-01,3.289843e+03
8.883910e-01,1.264031e+02,9.064477e+00,1.423974e+02
2.579552e-01,2.942861e+02,1.207167e+00,8.264125e+02
9.275332e+00,2.757166e+02,6.517943e+00,3.144949e+03
2.623133e-01,2.494312e+02,7.979499e+00,1.456321e+02
2.676730e+00,2.342214e+02,9.695423e+00,6.645596e+02
1.323876e-01,4.148144e+02,8.485616e+00,3.158701e+01
2.519715e-01,2.168651e+02,9.047591e+00,9.223643e+01
3.481139e+00,3.396516e+02,2.638416e+00,3.674754e+03
1.995950e+00,1.469810e+02,1.534752e+00,1.711414e+03
7.858768e+00,4.154165e+02,8.928543e+00,2.934564e+03
8.158586e+00,3.725187e+02,6.699918e+00,3.686808e+03
2.856028e+00,3.955328e+02,2.935933e+00,3.101357e+03
7.835403e+00,2.934153e+02,1.047977e+00,1.839047e+04
6.397924e+00,3.983552e+02,3.642929e+00,5.596701e+03
9.773076e+00,4.799461e+02,7.969409e+00,4.557837e+03
2.286531e+00,4.154593e+02,2.409888e+00,3.434865e+03
9.319958e+00,3.726928e+02,9.146665e+00,3.373748e+03
2.721359e+00,3.715244e+02,1.327122e+00,6.222103e+03
5.157438e+00,3.714248e+02,7.438297e+00,2.337824e+03
9.988651e+00,2.354039e+02,2.901345e+00,6.565819e+03
2.433709e+00,2.152256e+02,4.406405e+00,8.083687e+02
8.348038e+00,3.732268e+02,2.632281e+00,9.935152e+03
3.118568e+00,1.996443e+02,3.641530e+00,1.269004e+03
6.940399e+00,3.167753e+02,8.478661e+00,2.179006e+03
8.512469e+00,2.551418e+02,9.155625e+00,2.059157e+03
6.168512e+00,2.631029e+02,3.047644e+00,4.302487e+03
2.096932e+00,4.548864e+02,2.736244e-01,2.911160e+04
6.274619e+00,4.951406e+02,6.735494e+00,3.711909e+03
1.220751e+00,4.819273e+02,4.515141e-01,1.085881e+04
2.815387e+00,4.273675e+02,5.676767e+00,1.640724e+03
6.759538e+00,4.129876e+02,7.269993e+00,3.261362e+03
3.354203e+00,1.998360e+02,8.849482e+00,6.768558e+02
6.579704e+00,4.935768e+02,8.200096e+00,3.405652e+03
3.380158e+00,4.566612e+02,8.073162e+00,1.660994e+03
4.611432e+00,4.378545e+02,6.381116e+00,2.772431e+03
1.979496e+00,1.758461e+02,2.622154e+00,9.818540e+02
1.658536e+00,1.961738e+02,4.250726e+00,6.538762e+02
9.932928e+00,1.117692e+02,2.714366e+00,3.434890e+03
5.861248e+00,2.986161e+02,5.889478e+00,2.433528e+03
7.559009e+00,4.743732e+02,1.893484e+00,1.595725e+04
4.588982e+00,3.257446e+02,7.816795e+00,1.703195e+03
7.354700e+00,1.233559e+02,2.652767e+00,3.332521e+03
8.605488e-01,2.204783e+02,8.719593e+00,2.528308e+00
9.051485e+00,2.528150e+02,5.370298e+00,3.724169e+03
7.000643e+00,2.483632e+02,9.719896e+00,1.397808e+03
6.761441e+00,2.316239e+02,3.133001e+00,3.846648e+03
9.771132e-01,1.081628e+02,1.471742e+00,7.298038e+02
3.830375e+00,4.345740e+02,1.747795e+00,7.691413e+03
4.165250e+00,3.558243e+02,5.947039e+00,2.354214e+03
7.127698e-01,1.868068e+02,2.507822e+00,2.335257e+02
1.603920e+00,2.552712e+02,4.020633e+00,8.215577e+02
2.000726e+00,3.810980e+02,6.040987e+00,1.049018e+03
7.575800e+00,2.640440e+02,8.633583e+00,1.899412e+03
1.481847e+00,1.931484e+02,6.005616e+00,1.738084e+02
2.200064e+00,3.462686e+02,1.089365e+00,5.827995e+03
1.676198e+00,4.670152e+02,5.861707e+00,1.123688e+03
1.489294e+00,2.704739e+02,7.215710e+00,5.365729e+02
1.080051e+00,2.907715e+02,4.559763e+00,6.869813e+02
3.227760e+00,4.453195e+02,7.208466e+00,1.748414e+03
9.638940e+00,4.058259e+02,1.344600e+00,2.412046e+04
2.842855e+00,1.238342e+02,9.477280e+00,3.871093e+02
5.007795e+00,1.660461e+02,6.109741e+00,1.337870e+03
2.108716e+00,1.271782e+02,1.471730e+00,1.618555e+03
4.197897e+00,4.058154e+02,5.101615e-01,2.766293e+04
6.935354e+00,3.733264e+02,8.454713e+00,2.783713e+03
3.312080e+00,4.683487e+02,8.927119e+00,1.467961e+03
9.510804e+00,1.318062e+02,3.072779e+00,3.553596e+03
8.476090e+00,1.445314e+02,8.615897e+00,1.243844e+03
4.326142e+00,3.971709e+02,3.168628e+00,4.359526e+03
9.186958e-01,3.503225e+02,7.141989e+00,4.230844e+02
7.976269e+00,2.935057e+02,5.691455e+00,3.376806e+03
6.722092e+00,2.197646e+02,6.454857e+00,1.823615e+03
2.540687e+00,2.022906e+02,5.964309e+00,7.319197e+02
5.319193e+00,3.298202e+02,5.034050e-01,2.914329e+04
8.782946e+00,3.633813e+02,1.856514e+00,1.423683e+04
9.898076e+00,2.455726e+02,1.027298e+00,1.978034e+04
5.033621e+00,4.029537e+02,1.010231e+00,1.669146e+04
9.992416e+00,2.995142e+02,4.233787e+00,5.819158e+03
4.353981e+00,1.263866e+02,1.396990e+00,3.383722e+03
4.797534e+00,1.205745e+02,9.992116e+00,6.002413e+02
9.963373e+00,2.860383e+02,2.747196e-01,8.631611e+04
4.587107e+00,4.237817e+02,3.521024e+00,4.539708e+03
7.082715e+00,3.639798e+02,8.582467e+00,2.647404e+03
9.669192e+00,1.941193e+02,5.487351e+00,2.989644e+03
9.186758e+00,2.048011e+02,8.854108e+00,1.831162e+03
3.397009e+00,4.377889e+02,7.940746e+00,1.388796e+03
5.728869e+00,4.066925e+02,3.450596e+00,5.302669e+03
3.121273e+00,4.237869e+02,3.435461e+00,3.352269e+03
9.785027e+00,1.367651e+02,7.538941e+00,1.616304e+03
1.615297e+00,2.868345e+02,6.334472e+00,5.718760e+02
2.567208e+00,4.118420e+02,1.380068e+00,6.096697e+03
9.846586e+00,4.155472e+02,7.237675e+00,4.739212e+03
1.035196e+00,3.578765e+02,7.207250e-01,4.300721e+03
6.227268e-01,4.741119e+02,4.342641e+00,5.380692e+02
5.514151e+00,3.547505e+02,6.037390e+00,2.853239e+03
2.055528e-01,1.564232e+02,7.078288e+00,1.697553e+02
6.555935e+00,3.457071e+02,2.381275e+00,8.050143e+03
5.152982e+00,4.813443e+02,2.246865e+00,9.044738e+03
1.133005e+00,1.237154e+02,5.389187e+00,1.322727e+02
9.624387e+00,3.556255e+02,4.864499e-01,5.869684e+04
8.623062e+00,1.741832e+02,7.954934e+00,1.600475e+03
9.658950e+00,3.898182e+02,7.053638e+00,4.273951e+03
4.006070e+00,1.216780e+02,9.150077e-01,4.647581e+03
8.638601e+00,4.152391e+02,2.415435e+00,1.255693e+04
6.205657e+00,4.214233e+02,9.548284e+00,2.199804e+03
6.383171e+00,4.364249e+02,8.953082e+00,2.327693e+03
8.758178e+00,2.604805e+02,2.177686e+00,8.586564e+03
4.578967e+00,4.493086e+02,4.978435e+00,3.026680e+03
4.193552e+00,1.148717e+02,3.097503e+00,1.073371e+03
6.044328e+00,2.614681e+02,4.645435e+00,2.842714e+03
5.203334e+00,4.076890e+02,2.308054e+00,7.463263e+03
9.692610e+00,4.492621e+02,7.358767e+00,5.140434e+03
9.448034e+00,1.851239e+02,3.333286e+00,4.278249e+03
5.735647e+00,1.842579e+02,2.230211e+00,3.998481e+03
7.123306e+00,3.620705e+02,2.962362e+00,7.520268e+03
6.782208e+00,3.152994e+02,9.874050e+00,1.626165e+03
4.847402e+00,1.128157e+02,5.794582e+00,7.771912e+02
7.209878e+00,4.605906e+02,8.872873e+00,3.077782e+03
1.142269e+00,1.164822e+02,4.095200e+00,4.094949e+02
1.478811e+00,4.422812e+02,3.649727e+00,1.671581e+03
5.797868e+00,2.630928e+02,1.658453e+00,7.654514e+03
4.931339e+00,3.129893e+02,1.332059e-01,9.627122e+04
5.087272e+00,1.987480e+02,8.398240e+00,9.631963e+02
5.678678e+00,2.233303e+02,1.579841e+00,6.729264e+03
2.577309e+00,2.637780e+02,5.048981e-01,1.130462e+04
7.271990e+00,1.501428e+02,7.876973e+00,9.640247e+02
6.648991e+00,2.998056e+02,8.614652e-01,1.912759e+04
2.966845e-01,4.850804e+02,3.672441e+00,1.368733e+02
3.844395e+00,4.574975e+02,8.748805e+00,1.656716e+03
5.719325e+00,2.211844e+02,3.365487e+00,3.098519e+03
2.068991e-01,1.769273e+02,1.070561e+00,3.672640e+02
9.829241e+00,3.519309e+02,4.171458e+00,6.813195e+03
4.292019e+00,2.938013e+02,7.894424e+00,1.460341e+03
9.835151e+00,2.198570e+02,2.414773e+00,7.262478e+03
7.298395e+00,4.349141e+02,5.169269e+00,5.137598e+03
2.299454e+00,3.439766e+02,5.500227e+00,1.101337e+03
8.745243e+00,3.814696e+02,2.533309e+00,1.111290e+04
8.491812e+00,2.447262e+02,4.629366e+00,3.747758e+03
9.221911e+00,1.284336e+02,6.306231e+00,1.514962e+03
4.830691e+00,2.059036e+02,7.156513e+00,9.832363e+02
6.527722e+00,2.300388e+02,2.904107e+00,4.242478e+03
5.215740e+00,2.936252e+02,7.389789e+00,1.719535e+03
7.982780e-01,2.312301e+02,1.188204e+00,1.231405e+03
5.125261e+00,4.712367e+02,2.246301e+00,9.210693e+03
1.587210e+00,1.278695e+02,5.643751e+00,2.631428e+02
5.746997e+00,2.830569e+02,6.992795e+00,1.986980e+03
7.732314e-01,3.358597e+02,7.173536e+00,8.237561e+01
1.605836e+00,4.043052e+02,4.480140e+00,1.136932e+03
2.592447e+00,4.330352e+02,2.346005e+00,3.899986e+03
8.944033e+00,4.094119e+02,7.334689e+00,4.293452e+03
5.631126e+00,3.989269e+02,6.932926e+00,2.557751e+03
3.736014e+00,1.916233e+02,1.994720e+00,2.846197e+03
9.318791e+00,1.784831e+02,7.424935e-01,1.846947e+04
8.022431e+00,3.680511e+02,4.816277e+00,5.199663e+03
3.751705e+00,3.909795e+02,8.996571e+00,1.351646e+03
7.942837e+00,1.330393e+02,1.239340e+00,7.128376e+03
3.675688e+00,4.072274e+02,2.168451e+00,5.873606e+03
1.929480e+00,3.360817e+02,9.325572e+00,3.999152e+02
6.990822e+00,2.553185e+02,9.797248e+00,1.589434e+03
7.823633e+00,4.749272e+02,6.626160e+00,4.593947e+03
7.988272e+00,3.193580e+02,5.130525e+00,4.263843e+03
8.765497e+00,3.029180e+02,2.681037e+00,8.291913e+03
5.288739e-01,2.417390e+02,7.659557e-01,1.538056e+03
5.523875e+00,1.909559e+02,5.624021e+00,1.820280e+03
7.914609e+00,2.674072e+02,2.653983e+00,6.610425e+03
2.782153e+00,3.263671e+02,2.569231e+00,3.008629e+03
5.903444e+00,1.873796e+02,2.817883e+00,3.367471e+03
1.261183e+00,2.215997e+02,1.428265e+00,1.647828e+03
4.516255e+00,4.959356e+02,3.668724e+00,5.169312e+03
4.098141e+00,4.505911e+02,4.948626e+00,3.285177e+03
1.778544e+00,3.846904e+02,4.091802e+00,1.367212e+03
6.414926e+00,4.296432e+02,5.633269e+00,4.225607e+03
9.615528e+00,4.676103e+02,6.466332e+00,5.888998e+03
3.438895e+00,3.853723e+02,2.976932e-01,3.703075e+04
3.407643e+00,1.623460e+02,7.573140e+00,5.164082e+02
3.873391e+00,2.221963e+02,8.840037e+00,4.738652e+02
2.904607e+00,1.057922e+02,1.943755e+00,1.394580e+03
3.907041e+00,1.329816e+02,2.791122e+00,1.635319e+03
1.163909e+00,4.060348e+02,8.334463e+00,4.232708e+02
6.841959e+00,3.815300e+02,4.381944e+00,4.969425e+03
1.368218e+00,3.393761e+02,4.561841e+00,6.939200e+02
7.723973e+00,1.044286e+02,9.869097e+00,4.888013e+02
2.418016e+00,1.902019e+02,3.503576e+00,1.012045e+03
1.317488e+00,3.690063e+02,3.846786e+00,1.002217e+03
2.260567e+00,3.268370e+02,3.113031e+00,1.863398e+03
2.810585e+00,1.754991e+02,5.330508e+00,9.179864e+02
5.783017e+00,3.958784e+02,4.240588e+00,4.519282e+03
6.019585e+00,1.067878e+02,7.923764e+00,7.828384e+02
5.778754e+00,4.020107e+02,3.636818e+00,5.461254e+03
7.160443e+00,1.362113e+02,8.410991e+00,1.120855e+03
1.959796e+00,2.036297e+02,3.671238e+00,8.714446e+02
5.392261e+00,1.983555e+02,8.351879e+00,8.059411e+02
5.356390e+00,4.903763e+02,1.418920e+00,1.511475e+04
5.870677e+00,2.157966e+02,4.194343e+00,2.540176e+03
9.578681e+00,3.108154e+02,5.428097e+00,4.657422e+03
9.376247e+00,1.377917e+02,7.828267e+00,1.527060e+03
7.145443e+00,1.799925e+02,8.053496e+00,1.420246e+03
6.861499e+00,1.596865e+02,6.648753e+00,1.271651e+03
4.148360e+00,2.752671e+02,6.893865e+00,1.549840e+03
1.243589e+00,4.981748e+02,9.890172e+00,3.813241e+02
7.926195e-01,2.894521e+02,9.852964e+00,1.057698e+02
9.493138e+00,2.494222e+02,3.869572e+00,4.928946e+03
7.005968e+00,4.609275e+02,9.457220e+00,2.963089e+03
9.560760e+00,4.402566e+02,6.954492e+00,5.101084e+03
3.810671e+00,3.199609e+02,4.747077e+00,2.169227e+03
6.882007e+00,4.518481e+02,2.580435e+00,9.922021e+03
1.859062e+00,4.595940e+02,6.202524e+00,1.243408e+03
7.690348e+00,4.925978e+02,8.081411e+00,3.895926e+03
8.476698e+00,4.875759e+02,5.336486e+00,6.245125e+03
3.084872e+00,4.286692e+02,1.216397e+00,8.905103e+03
4.165144e+00,3.094164e+02,2.383377e+00,4.517390e+03
8.241455e+00,2.594067e+02,8.002025e+00,2.290964e+03
7.546618e-01,1.317254e+02,7.660551e+00,1.758490e+02
9.437732e+00,2.145563e+02,5.476052e+00,2.930068e+03
