x,F
-1.390506e+00,1.411309e+00
1.053480e-01,-1.609081e-01
-8.386634e+00,8.379583e+00
9.218975e+00,-9.276316e+00
-7.287328e+00,7.257679e+00
1.555405e-01,-1.488676e-01
-1.246383e-01,1.159302e-01
3.652917e+00,-3.646745e+00
-5.343465e+00,5.240215e+00
4.427392e+00,-4.413850e+00
-2.358124e+00,2.410877e+00
6.306334e+00,-6.234936e+00
-4.576420e-01,4.747357e-01
-4.363617e+00,4.291040e+00
9.662339e+00,-9.701957e+00
7.456081e+00,-7.483274e+00
-3.702386e+00,3.712762e+00
1.708881e+00,-1.686728e+00
8.901100e+00,-8.906732e+00
-5.773459e+00,5.745142e+00
-6.596281e+00,6.557896e+00
-7.016535e+00,7.120806e+00
4.526741e+00,-4.664934e+00
-3.893461e+00,3.838418e+00
-2.766376e+00,2.759572e+00
9.833488e+00,-9.790131e+00
-6.719343e+00,6.676431e+00
9.974876e+00,-9.923214e+00
6.915654e-01,-6.732470e-01
-5.126241e+00,5.190035e+00
5.931171e-01,-5.865335e-01
1.311840e+00,-1.334640e+00
-6.825461e+00,6.867330e+00
-3.503618e+00,3.547893e+00
-2.493590e+00,2.562274e+00
1.437092e+00,-1.501490e+00
-2.188655e+00,2.208815e+00
7.820554e+00,-7.755028e+00
8.513375e+00,-8.585516e+00
-7.148069e+00,7.179081e+00
3.986147e-01,-3.611252e-01
-3.003221e+00,3.059895e+00
-9.055568e+00,9.088681e+00
5.582214e+00,-5.481980e+00
3.602991e+00,-3.721339e+00
-8.394193e+00,8.409789e+00
-3.039074e+00,3.014069e+00
3.604712e+00,-3.582937e+00
7.603923e-01,-8.152701e-01
7.580571e+00,-7.595437e+00
-3.337860e+00,3.378112e+00
-1.967671e+00,1.961533e+00
8.568869e+00,-8.545287e+00
-1.500156e-02,8.734367e-03
-3.225341e+00,3.252771e+00
5.510109e+00,-5.517975e+00
9.701443e+00,-9.747303e+00
-8.713651e-01,8.081836e-01
5.435262e-01,-5.169429e-01
-7.337936e+00,7.299095e+00
-2.192056e+00,2.209426e+00
7.898714e+00,-7.867227e+00
3.117579e+00,-3.028299e+00
3.710614e+00,-3.666632e+00
-7.932889e+00,7.944815e+00
-5.425710e+00,5.420973e+00
-2.696395e+00,2.666535e+00
-5.089828e+00,5.092043e+00
-5.717944e+00,5.726454e+00
5.412097e+00,-5.407751e+00
2.323763e+00,-2.283711e+00
9.620940e+00,-9.576332e+00
-3.755334e+00,3.880914e+00
5.517071e+00,-5.532035e+00
-5.175690e+00,5.172077e+00
7.116259e+00,-7.075255e+00
-3.361979e+00,3.335453e+00
-2.222779e+00,2.163392e+00
-3.827540e+00,3.895509e+00
8.914562e-01,-8.713435e-01
-3.191065e+00,3.198414e+00
-2.747685e+00,2.726672e+00
7.342493e+00,-7.216106e+00
-7.608788e+00,7.641189e+00
-5.106089e+00,5.098099e+00
2.926627e+00,-2.920258e+00
-8.151580e+00,8.240635e+00
4.384183e+00,-4.438870e+00
-9.308238e+00,9.234762e+00
1.981367e+00,-1.942591e+00
7.641848e+00,-7.553679e+00
-8.552080e+00,8.489273e+00
7.308304e+00,-7.359326e+00
5.819746e+00,-5.750628e+00
2.772851e+00,-2.807413e+00
-3.440056e+00,3.391759e+00
3.154122e+00,-3.166209e+00
-9.812946e+00,9.798987e+00
4.527696e+00,-4.606349e+00
2.303852e+00,-2.293552e+00
-2.996613e+00,2.972006e+00
6.124475e+00,-6.136128e+00
4.682442e-01,-4.843648e-01
4.358391e+00,-4.405818e+00
-3.154504e+00,3.148310e+00
-9.541454e+00,9.541174e+00
2.874802e+00,-2.866129e+00
-1.290470e+00,1.380808e+00
-1.973066e+00,2.037565e+00
-4.566025e-01,5.239123e-01
-7.206868e-01,6.784704e-01
3.629437e+00,-3.598183e+00
-1.519902e+00,1.525088e+00
-7.481889e+00,7.500663e+00
-9.210136e+00,9.185296e+00
-4.017860e+00,4.044667e+00
-9.217946e+00,9.240203e+00
7.411766e+00,-7.458834e+00
7.436325e+00,-7.508668e+00
3.833824e+00,-3.881039e+00
2.368367e+00,-2.343802e+00
5.214635e+00,-5.253632e+00
6.372126e+00,-6.262448e+00
-8.185810e+00,8.238204e+00
-8.684403e+00,8.727257e+00
1.699763e+00,-1.640571e+00
2.717965e+00,-2.739819e+00
-7.613993e+00,7.567074e+00
-4.277623e+00,4.218762e+00
-8.449601e+00,8.412876e+00
-6.735893e+00,6.756364e+00
4.530931e+00,-4.450941e+00
-4.273953e+00,4.289438e+00
5.983678e+00,-6.019473e+00
-6.226524e+00,6.157575e+00
-4.548143e+00,4.596521e+00
-5.809541e+00,5.813588e+00
-1.624948e+00,1.589067e+00
-1.432118e+00,1.322453e+00
1.295972e+00,-1.304490e+00
8.623883e+00,-8.569712e+00
-8.144583e+00,8.193530e+00
6.083136e+00,-6.225776e+00
-1.732403e+00,1.700135e+00
2.058295e+00,-2.162834e+00
6.341420e+00,-6.218282e+00
-7.861205e+00,7.875886e+00
-4.304868e+00,4.354079e+00
-2.179163e+00,2.156588e+00
-1.128359e+00,1.116178e+00
-3.704679e+00,3.709451e+00
-7.827960e+00,7.826428e+00
-9.153370e+00,9.146101e+00
-5.796866e+00,5.693969e+00
-4.351461e+00,4.325583e+00
2.963000e+00,-2.971722e+00
-1.492805e+00,1.445632e+00
6.191604e+00,-6.125303e+00
8.991086e+00,-9.055793e+00
-4.284918e+00,4.257088e+00
8.201838e+00,-8.129650e+00
7.507493e+00,-7.546988e+00
3.337030e+00,-3.427610e+00
6.507991e+00,-6.533508e+00
3.551149e+00,-3.502860e+00
-3.812530e+00,3.882740e+00
8.071980e+00,-8.029058e+00
-3.588042e+00,3.613865e+00
3.542183e+00,-3.566877e+00
-6.106368e+00,6.038481e+00
-4.893319e+00,4.828510e+00
-3.968247e+00,3.917747e+00
-2.111345e+00,2.224749e+00
-5.007643e+00,4.983516e+00
-7.853835e+00,7.919113e+00
5.425966e+00,-5.440565e+00
3.098084e+00,-3.084715e+00
1.530895e+00,-1.608167e+00
6.279240e+00,-6.286800e+00
-9.452531e+00,9.491518e+00
9.101697e+00,-9.046142e+00
1.987995e+00,-1.972878e+00
5.897288e+00,-5.908095e+00
7.803134e+00,-7.720197e+00
-4.177736e+00,4.126900e+00
9.456237e+00,-9.435829e+00
9.303710e+00,-9.299222e+00
-7.556367e+00,7.499680e+00
9.147686e+00,-9.053110e+00
8.850872e+00,-8.916472e+00
-4.430170e+00,4.397592e+00
9.191056e+00,-9.199547e+00
4.240497e+00,-4.256108e+00
-9.447969e-02,1.424377e-01
1.413478e+00,-1.428303e+00
7.085460e+00,-7.045620e+00
-2.237706e-01,2.296472e-01
7.714682e+00,-7.727599e+00
-3.970193e+00,3.927476e+00
-2.931231e+00,2.921852e+00
-6.859377e+00,6.835515e+00
7.971610e+00,-7.955359e+00
-2.725186e+00,2.667828e+00
-3.479430e+00,3.539077e+00
3.880524e+00,-3.912318e+00
1.365071e+00,-1.368108e+00
-9.871265e-01,1.053299e+00
1.973868e+00,-1.985716e+00
-9.825404e+00,9.790396e+00
-6.381698e+00,6.367074e+00
4.399784e+00,-4.495265e+00
5.529764e+00,-5.548533e+00
5.741044e+00,-5.720785e+00
5.328954e+00,-5.386021e+00
-8.880499e+00,8.758432e+00
7.324405e+00,-7.387959e+00
6.729072e+00,-6.696809e+00
-6.732218e+00,6.727627e+00
3.666185e+00,-3.608764e+00
2.057577e+00,-1.963643e+00
1.806349e+00,-1.798274e+00
-4.663112e+00,4.686017e+00
5.780850e+00,-5.850000e+00
2.362879e+00,-2.364396e+00
-9.011517e+00,9.064537e+00
2.689011e+00,-2.633089e+00
7.861068e+00,-7.860709e+00
-5.662611e+00,5.663479e+00
9.750116e+00,-9.779111e+00
3.336756e+00,-3.350885e+00
-5.294473e+00,5.256812e+00
-9.981920e+00,9.907344e+00
-4.282058e+00,4.207820e+00
4.045451e+00,-3.966539e+00
9.971652e+00,-9.946348e+00
-1.615420e+00,1.687933e+00
5.684388e+00,-5.716221e+00
7.073200e+00,-7.035249e+00
4.290210e+00,-4.255276e+00
4.343244e+00,-4.351739e+00
-5.466028e+00,5.462085e+00
5.900875e+00,-5.848320e+00
2.959670e+00,-3.029208e+00
-4.237125e+00,4.219239e+00
8.034481e+00,-8.103326e+00
7.082891e+00,-7.174146e+00
3.367763e+00,-3.435567e+00
-1.717766e+00,1.678121e+00
6.655299e+00,-6.720122e+00
9.495620e+00,-9.576706e+00
-7.719835e+00,7.725353e+00
5.410165e+00,-5.452913e+00
-4.995020e-01,4.702767e-01
9.580593e+00,-9.626430e+00
1.295830e+00,-1.357274e+00
5.004554e+00,-5.055921e+00
6.121487e+00,-6.119853e+00
-4.667274e+00,4.531467e+00
8.758795e+00,-8.867981e+00
3.083841e+00,-3.180604e+00
5.394496e+00,-5.352144e+00
3.774384e-01,-4.901154e-01
-9.801250e+00,9.826877e+00
-9.648661e+00,9.688438e+00
-9.248962e+00,9.269967e+00
8.455799e+00,-8.470706e+00
6.079279e+00,-6.037446e+00
-8.988963e+00,9.026659e+00
-8.226373e+00,8.272222e+00
5.622045e+00,-5.641546e+00
9.062213e+00,-9.078570e+00
-1.307278e+00,1.331862e+00
-1.872031e+00,1.903336e+00
5.581532e+00,-5.716032e+00
3.383111e+00,-3.402641e+00
6.575533e+00,-6.617861e+00
1.077356e+00,-1.097199e+00
-5.570540e+00,5.460193e+00
7.289173e+00,-7.260366e+00
9.455590e+00,-9.367003e+00
6.865412e+00,-6.842621e+00
6.286832e+00,-6.320906e+00
-7.495392e+00,7.431950e+00
1.115568e+00,-1.120539e+00
-2.327776e+00,2.352358e+00
-6.688205e+00,6.729374e+00
-4.252995e+00,4.303227e+00
6.650594e+00,-6.666095e+00
3.885913e-01,-3.646357e-01
4.231966e+00,-4.270401e+00
-9.029464e+00,9.036499e+00
2.180126e+00,-2.203136e+00
5.483637e-01,-5.014560e-01
-8.207041e+00,8.122569e+00
-1.058646e+00,1.062780e+00
-5.108510e+00,5.120757e+00
8.619727e+00,-8.668026e+00
-3.670645e+00,3.540843e+00
-5.055837e+00,5.185119e+00
-9.957242e+00,9.978840e+00
1.264555e+00,-1.311618e+00
5.488179e+00,-5.512518e+00
-9.567738e-02,6.458154e-02
9.310164e+00,-9.339466e+00
-6.246433e+00,6.257828e+00
5.955206e+00,-5.923426e+00
-3.622561e+00,3.744777e+00
2.946296e+00,-2.978108e+00
-6.972661e-01,7.282915e-01
1.533819e-01,-1.175648e-01
-1.534083e+00,1.458684e+00
5.951015e+00,-5.989240e+00
9.388360e+00,-9.418207e+00
-3.158113e+00,3.114301e+00
-4.867715e+00,4.864200e+00
-1.160603e+00,1.197157e+00
-2.618907e-01,1.476099e-01
-1.496814e+00,1.413368e+00
7.101785e+00,-7.104758e+00
-7.763878e+00,7.786228e+00
-9.534041e+00,9.437049e+00
-3.116249e+00,3.194112e+00
2.946370e+00,-2.870525e+00
-6.700094e+00,6.627894e+00
-8.020998e+00,8.062872e+00
-1.517185e+00,1.505706e+00
4.017929e+00,-4.018708e+00
1.559211e-01,-1.389196e-01
-2.197781e-01,1.859164e-01
7.783066e+00,-7.824701e+00
1.813998e+00,-1.757894e+00
3.225059e+00,-3.170058e+00
6.979925e+00,-6.951798e+00
3.264375e+00,-3.293313e+00
2.481119e+00,-2.485190e+00
-2.207889e+00,2.221071e+00
8.698972e+00,-8.748162e+00
-3.055593e+00,3.062154e+00
-3.643193e+00,3.630812e+00
-2.256288e+00,2.169715e+00
-2.629788e+00,2.663398e+00
-4.622674e+00,4.599721e+00
8.990978e+00,-9.049795e+00
-2.388127e+00,2.460531e+00
-3.488889e+00,3.412927e+00
-9.791326e+00,9.847809e+00
-3.165254e+00,3.167555e+00
7.032151e+00,-7.074750e+00
7.869120e+00,-7.950500e+00
1.492564e+00,-1.592578e+00
-5.480793e+00,5.521724e+00
6.952870e+00,-6.964856e+00
-1.977409e+00,1.960001e+00
-7.330628e+00,7.142106e+00
-2.122577e+00,2.259405e+00
-5.334016e+00,5.375573e+00
-1.594385e+00,1.605209e+00
9.908306e+00,-9.853100e+00
-9.241602e+00,9.144962e+00
2.141411e+00,-2.249548e+00
-1.146644e+00,1.132539e+00
-8.217704e+00,8.281017e+00
-9.075821e-01,9.036740e-01
9.208136e-01,-9.030055e-01
-3.967481e+00,3.944371e+00
-9.856229e-01,1.026164e+00
-4.352716e+00,4.372147e+00
6.200383e+00,-6.271682e+00
4.209075e+00,-4.172018e+00
-2.143240e+00,2.121948e+00
-5.284352e-01,6.867249e-01
9.027799e+00,-9.107108e+00
4.839672e+00,-4.889259e+00
1.676464e+00,-1.715614e+00
-8.441941e+00,8.424411e+00
-2.455858e+00,2.437147e+00
3.190700e+00,-3.158801e+00
4.774950e+00,-4.610040e+00
6.921216e-01,-7.602852e-01
2.065691e-01,-1.222242e-01
-4.552701e+00,4.549157e+00
9.556418e+00,-9.490500e+00
3.835565e+00,-3.763060e+00
8.284557e+00,-8.354656e+00
6.262536e+00,-6.251327e+00
4.535017e+00,-4.460000e+00
4.522644e+00,-4.641804e+00
8.450148e+00,-8.461584e+00
-4.639064e+00,4.630887e+00
-4.036456e+00,4.000228e+00
6.476026e-01,-6.292691e-01
2.246978e+00,-2.310072e+00
-4.829437e+00,4.815880e+00
-8.958878e+00,9.012830e+00
5.652563e+00,-5.692272e+00
-5.744819e+00,5.741978e+00
-3.005201e+00,2.935080e+00
5.985351e+00,-5.956405e+00
9.090376e+00,-9.126035e+00
6.252703e+00,-6.188387e+00
-6.874680e+00,6.815178e+00
-8.878025e+00,8.839430e+00
9.351848e-01,-8.974854e-01
-1.851855e+00,1.835390e+00
9.280536e+00,-9.326512e+00
1.212965e+00,-1.180150e+00
3.002477e+00,-2.923239e+00
9.744960e+00,-9.757065e+00
9.563497e+00,-9.605114e+00
-2.806930e+00,2.832939e+00
-8.966015e+00,8.971970e+00
9.855923e+00,-9.879630e+00
2.694783e+00,-2.766305e+00
4.601607e+00,-4.609628e+00
-6.024022e+00,5.940924e+00
9.535175e+00,-9.577295e+00
-6.740682e-01,6.422748e-01
4.576371e+00,-4.576956e+00
9.074847e+00,-9.169273e+00
-4.326350e+00,4.326618e+00
1.477955e+00,-1.538619e+00
5.133819e+00,-5.246638e+00
-8.379017e+00,8.344739e+00
-7.859619e+00,7.865159e+00
4.000892e+00,-4.018172e+00
-5.404836e+00,5.436320e+00
-7.835455e+00,7.919712e+00
8.324638e+00,-8.278310e+00
5.665893e+00,-5.710217e+00
4.548386e+00,-4.643715e+00
-1.753227e+00,1.706712e+00
-9.186307e-01,9.219057e-01
-7.616243e+00,7.588814e+00
3.605332e-01,-3.394038e-01
-1.944221e+00,1.930992e+00
5.463345e+00,-5.472924e+00
-3.412940e+00,3.327052e+00
-8.983503e+00,8.956010e+00
2.060712e+00,-2.151095e+00
-1.545718e+00,1.492515e+00
4.123454e+00,-4.109096e+00
-6.832822e+00,6.947895e+00
-6.471114e+00,6.501194e+00
3.758527e+00,-3.822324e+00
-2.768743e+00,2.780537e+00
3.963674e+00,-4.049419e+00
6.019553e+00,-6.041726e+00
-9.219424e+00,9.250761e+00
1.696887e+00,-1.674519e+00
1.905964e-01,-1.966431e-01
-7.000719e+00,6.989588e+00
8.614557e+00,-8.661041e+00
7.246857e+00,-7.296596e+00
-3.666470e+00,3.543614e+00
-8.597346e+00,8.658432e+00
6.898868e+00,-6.952843e+00
-6.382892e+00,6.460559e+00
4.274230e+00,-4.200553e+00
8.452601e+00,-8.446418e+00
7.056074e+00,-7.054102e+00
4.151920e-01,-3.251823e-01
3.762158e+00,-3.798189e+00
-2.021543e+00,1.966540e+00
3.265230e+00,-3.261167e+00
5.273683e+00,-5.261874e+00
3.722398e+00,-3.750858e+00
-8.832295e+00,8.827888e+00
8.440481e+00,-8.338814e+00
8.400529e+00,-8.454726e+00
9.285655e+00,-9.409340e+00
-2.233855e+00,2.140275e+00
1.668495e+00,-1.632279e+00
-9.698013e+00,9.610303e+00
-9.834751e+00,9.750233e+00
4.861428e+00,-4.789128e+00
-3.406943e+00,3.405792e+00
5.272164e-01,-5.416528e-01
5.955982e+00,-5.919643e+00
8.088634e+00,-8.049146e+00
9.725961e-01,-1.021216e+00
1.445499e+00,-1.382766e+00
-4.846333e-01,4.467283e-01
3.913375e+00,-3.790570e+00
-6.045681e+00,6.037485e+00
7.674121e+00,-7.787148e+00
-8.559483e+00,8.461018e+00
-6.300837e+00,6.348948e+00
2.951143e+00,-2.859930e+00
-7.747872e+00,7.655654e+00
-7.338944e+00,7.289548e+00
1.097633e+00,-1.071320e+00
4.803698e+00,-4.855951e+00
7.305542e+00,-7.353048e+00
-9.201881e-01,9.265515e-01
9.163788e+00,-9.141612e+00
2.482979e-01,-2.560988e-01
9.226952e+00,-9.230172e+00
-1.372987e+00,1.284641e+00
3.352890e+00,-3.278883e+00
-2.443830e+00,2.495556e+00
8.972683e+00,-8.987726e+00
-6.502045e-01,6.496435e-01
-1.232785e+00,1.278572e+00
-1.590125e+00,1.609582e+00
1.672878e+00,-1.738218e+00
-9.902165e+00,9.919773e+00
-8.466490e+00,8.424520e+00
-7.006195e+00,7.123195e+00
8.535171e+00,-8.533556e+00
2.426978e+00,-2.438316e+00
4.546469e+00,-4.645405e+00
7.899566e+00,-7.917733e+00
7.786953e-01,-7.535907e-01
5.605876e+00,-5.594467e+00
-4.903688e+00,4.874335e+00
-7.315746e+00,7.252118e+00
-4.844224e-01,4.501635e-01
-2.134555e+00,2.098593e+00
1.548406e+00,-1.501688e+00
-4.980616e+00,4.878274e+00
-4.308322e+00,4.305871e+00
4.258449e+00,-4.345700e+00
8.056469e+00,-7.987321e+00
5.890940e+00,-5.970299e+00
-5.612325e+00,5.634933e+00
6.117645e+00,-6.141848e+00
7.763600e+00,-7.672373e+00
-5.404046e+00,5.407897e+00
9.669616e+00,-9.690328e+00
5.060283e+00,-5.087819e+00
-3.053618e+00,3.055716e+00
3.845305e+00,-3.909841e+00
-3.467950e-01,4.390823e-01
-4.211319e+00,4.202621e+00
3.550170e+00,-3.634255e+00
6.286558e+00,-6.338745e+00
3.777401e+00,-3.890850e+00
-5.411071e+00,5.432001e+00
6.356189e+00,-6.476628e+00
6.056281e+00,-6.069719e+00
6.207883e+00,-6.310634e+00
-2.305803e+00,2.282094e+00
-2.264855e+00,2.250976e+00
1.849970e+00,-1.859834e+00
-8.512860e+00,8.468254e+00
-4.746347e-01,4.975402e-01
-2.922421e+00,2.930065e+00
-2.249744e+00,2.243805e+00
-4.678726e+00,4.758318e+00
6.363848e+00,-6.334905e+00
7.666211e+00,-7.553368e+00
-7.831770e-01,8.782941e-01
-2.749327e+00,2.777917e+00
-3.933944e+00,3.836579e+00
-8.899505e-01,8.475763e-01
2.068557e+00,-1.965876e+00
-7.279612e+00,7.274967e+00
-2.093277e+00,2.134602e+00
-1.247498e+00,1.248788e+00
8.251585e+00,-8.249728e+00
8.547433e+00,-8.650108e+00
7.750675e+00,-7.689590e+00
-1.128834e-01,7.718454e-02
2.567808e+00,-2.562237e+00
-4.063368e-01,4.337699e-01
5.686552e+00,-5.668223e+00
-9.824249e+00,9.811148e+00
5.273019e+00,-5.342581e+00
-1.957394e+00,2.024840e+00
-6.308136e+00,6.139849e+00
1.824189e+00,-1.851550e+00
5.065408e+00,-5.141237e+00
-8.415707e+00,8.394369e+00
6.077050e+00,-6.065099e+00
-7.253526e+00,7.260418e+00
-1.560330e+00,1.533903e+00
-1.997489e+00,2.088364e+00
5.372474e+00,-5.425074e+00
-4.101319e+00,4.115309e+00
8.714749e-01,-8.566969e-01
-8.096280e+00,8.089517e+00
-2.711550e+00,2.654391e+00
-8.582697e-01,9.016077e-01
5.023668e+00,-5.054574e+00
5.323635e+00,-5.342544e+00
-7.292498e+00,7.313924e+00
-8.687850e+00,8.705862e+00
-3.265676e+00,3.248227e+00
-6.500949e+00,6.561244e+00
3.032300e+00,-3.038985e+00
7.922964e+00,-8.002270e+00
-7.765505e+00,7.897329e+00
1.803073e+00,-1.840730e+00
-2.263308e+00,2.299156e+00
-3.789194e+00,3.813423e+00
-6.196674e+00,6.360096e+00
-6.640792e+00,6.586605e+00
-1.613905e+00,1.653871e+00
6.322619e+00,-6.239343e+00
-5.530277e+00,5.508360e+00
-3.533358e+00,3.431582e+00
7.143475e+00,-7.252836e+00
-4.447255e+00,4.478208e+00
-4.986811e+00,5.066305e+00
-1.858614e+00,1.764318e+00
1.800260e+00,-1.709331e+00
1.067454e-02,-2.869103e-02
9.267648e+00,-9.206259e+00
-8.345718e+00,8.322804e+00
-3.284120e+00,3.352811e+00
-7.300407e+00,7.195465e+00
6.137707e+00,-6.195650e+00
-5.315669e+00,5.306111e+00
-3.738886e+00,3.663113e+00
-7.323011e+00,7.341595e+00
1.249500e+00,-1.201659e+00
8.712876e+00,-8.617227e+00
8.256094e+00,-8.267765e+00
-6.678071e+00,6.701633e+00
-7.227480e-01,6.962943e-01
-1.932422e+00,1.889933e+00
2.328062e+00,-2.324518e+00
6.154616e+00,-6.200751e+00
8.037289e+00,-8.000295e+00
-5.218007e+00,5.175894e+00
8.045923e+00,-8.096285e+00
3.702288e+00,-3.775642e+00
-2.748367e+00,2.699152e+00
-6.417573e-01,5.533974e-01
-6.048832e+00,5.986440e+00
7.185909e+00,-7.184200e+00
5.419337e+00,-5.456190e+00
-4.478722e+00,4.466003e+00
-6.087928e+00,6.000319e+00
7.679030e+00,-7.659639e+00
-8.947589e+00,8.955726e+00
-9.986937e+00,9.989370e+00
6.104946e+00,-6.057126e+00
-6.223243e-01,5.798426e-01
7.308581e+00,-7.260376e+00
-9.127786e-01,9.268874e-01
-9.088935e+00,9.150564e+00
-7.592305e+00,7.521286e+00
-3.770999e+00,3.772347e+00
1.143520e+00,-1.126761e+00
-4.737993e+00,4.705365e+00
-7.405558e-01,6.888206e-01
-7.183046e+00,7.223966e+00
-5.761472e+00,5.710926e+00
9.135937e-02,-2.115790e-01
2.234684e+00,-2.166826e+00
-2.964114e+00,2.947828e+00
8.682252e+00,-8.656075e+00
6.060285e+00,-6.030250e+00
-8.845008e+00,8.868518e+00
-1.199939e+00,1.126645e+00
3.039068e+00,-3.015378e+00
-8.090188e+00,8.000038e+00
1.873151e+00,-1.915120e+00
-5.315299e+00,5.478467e+00
-8.638608e+00,8.620348e+00
1.338188e+00,-1.323474e+00
6.230932e-01,-5.960689e-01
7.974565e+00,-7.925918e+00
-3.460986e+00,3.492432e+00
5.950238e+00,-5.889020e+00
-2.641586e+00,2.629267e+00
4.894322e+00,-4.988727e+00
4.748212e+00,-4.772905e+00
3.856329e+00,-3.853481e+00
-1.645138e+00,1.621118e+00
4.010913e+00,-4.027838e+00
3.172444e+00,-3.163378e+00
-8.923188e-01,8.849988e-01
6.113559e+00,-6.185751e+00
-5.835898e+00,5.794790e+00
4.179979e+00,-4.133755e+00
4.657335e+00,-4.657872e+00
7.985994e+00,-7.982581e+00
2.746931e+00,-2.735149e+00
3.346932e+00,-3.382172e+00
8.760009e-02,-1.005546e-01
6.388818e+00,-6.381507e+00
-7.099360e+00,7.096770e+00
-3.661082e+00,3.540395e+00
-9.084325e-01,9.527414e-01
-2.070814e+00,2.108949e+00
-3.806039e+00,3.861516e+00
-8.675256e+00,8.776619e+00
3.223324e+00,-3.242064e+00
7.075771e+00,-7.023388e+00
7.119922e+00,-7.190852e+00
-5.331448e+00,5.242241e+00
-7.018376e+00,7.022823e+00
6.554458e+00,-6.595751e+00
-9.759051e+00,9.650540e+00
7.935152e+00,-7.946107e+00
-8.496551e+00,8.623995e+00
-4.709009e+00,4.710504e+00
-3.129789e+00,3.037386e+00
-7.447158e+00,7.474849e+00
-8.387367e-01,7.479063e-01
6.703799e+00,-6.758454e+00
9.876916e+00,-9.840815e+00
-4.567659e+00,4.546438e+00
-4.559091e+00,4.554835e+00
-3.661939e+00,3.708299e+00
-6.176078e+00,6.173030e+00
6.830198e+00,-6.860998e+00
4.604226e+00,-4.636499e+00
-3.305966e+00,3.311362e+00
8.804692e+00,-8.782409e+00
-2.575547e+00,2.625294e+00
4.757977e+00,-4.745181e+00
-7.194668e+00,7.190820e+00
-5.009614e-01,4.782127e-01
4.242361e+00,-4.297024e+00
1.792061e-01,-2.220054e-02
1.052212e+00,-1.034281e+00
1.670626e+00,-1.815429e+00
4.023019e+00,-4.072929e+00
2.915180e+00,-2.865837e+00
-2.333250e+00,2.299496e+00
-7.394515e+00,7.452434e+00
-6.983378e+00,7.057057e+00
2.809318e+00,-2.760461e+00
8.200684e+00,-8.135016e+00
-3.526145e+00,3.386048e+00
-9.221781e+00,9.291980e+00
-9.448630e+00,9.422690e+00
3.231356e+00,-3.229765e+00
9.325411e+00,-9.277279e+00
9.775553e+00,-9.733531e+00
8.351026e+00,-8.372015e+00
3.040254e+00,-3.103226e+00
5.566862e+00,-5.525373e+00
-2.217065e+00,2.158997e+00
8.706703e+00,-8.689356e+00
5.224006e+00,-5.313783e+00
9.637315e+00,-9.727636e+00
-2.016963e+00,1.995487e+00
-2.575065e+00,2.591368e+00
8.378027e+00,-8.351121e+00
-4.915454e+00,4.886711e+00
7.910255e+00,-7.905864e+00
-9.523549e+00,9.618385e+00
-7.752557e+00,7.748606e+00
9.160455e-01,-9.919802e-01
-1.390806e+00,1.400823e+00
2.581471e+00,-2.513109e+00
-3.786920e+00,3.847595e+00
4.264450e+00,-4.323322e+00
-1.413602e+00,1.387005e+00
8.848979e-01,-8.170484e-01
3.815734e-02,-7.456325e-02
-9.057844e+00,9.139913e+00
2.765231e+00,-2.800074e+00
4.393157e+00,-4.403866e+00
4.217342e+00,-4.281470e+00
-1.455683e+00,1.420127e+00
8.266277e+00,-8.251556e+00
-8.798676e-01,8.110584e-01
3.194952e+00,-3.252683e+00
-9.007101e+00,8.918258e+00
-8.958672e+00,8.981906e+00
-8.935314e+00,8.888381e+00
1.404541e-01,-1.222508e-01
-8.346051e+00,8.271755e+00
3.932758e+00,-3.974927e+00
-3.278342e+00,3.278066e+00
-7.717600e+00,7.746159e+00
-6.414851e+00,6.487788e+00
-7.370728e+00,7.349131e+00
8.308053e+00,-8.369089e+00
5.249139e+00,-5.075220e+00
-2.152902e+00,2.192432e+00
7.602443e+00,-7.659313e+00
-9.588912e+00,9.581828e+00
4.499777e+00,-4.482019e+00
-3.779417e+00,3.663972e+00
5.427790e+00,-5.424926e+00
-5.619287e+00,5.550763e+00
6.418056e+00,-6.430603e+00
-7.448698e+00,7.477885e+00
-5.738062e+00,5.763587e+00
5.318418e+00,-5.385392e+00
1.138470e+00,-1.147098e+00
-2.058400e+00,2.104398e+00
1.372748e+00,-1.346792e+00
-5.088268e+00,5.171536e+00
-1.412357e+00,1.252609e+00
-9.458603e+00,9.504843e+00
2.195437e+00,-2.255374e+00
2.774103e-02,-3.028921e-02
2.227565e+00,-2.100296e+00
-6.992044e+00,7.033056e+00
7.746883e+00,-7.750905e+00
-4.225843e+00,4.121792e+00
7.799676e+00,-7.753656e+00
-3.313522e+00,3.352225e+00
3.528936e+00,-3.491869e+00
-6.486505e+00,6.511027e+00
-6.795970e+00,6.832137e+00
3.402178e+00,-3.437285e+00
-5.502706e+00,5.518772e+00
5.593097e+00,-5.686205e+00
-6.459876e+00,6.434412e+00
9.480258e+00,-9.451154e+00
-4.790395e+00,4.850911e+00
-7.703746e+00,7.734165e+00
-8.300202e+00,8.275376e+00
4.993741e+00,-4.980276e+00
1.056404e+00,-1.071522e+00
-8.728505e+00,8.688770e+00
5.158596e+00,-5.186003e+00
8.057123e+00,-7.978355e+00
-9.269526e-01,9.789684e-01
8.600467e+00,-8.605727e+00
-3.632868e-01,4.076642e-01
8.687276e+00,-8.651076e+00
3.972625e-01,-3.094235e-01
4.938117e+00,-4.924219e+00
-3.099968e+00,3.029541e+00
-8.991431e+00,9.001749e+00
3.493361e-02,2.084134e-02
8.600520e+00,-8.593443e+00
4.663888e+00,-4.720703e+00
2.023104e-01,-2.260314e-01
-8.685301e+00,8.596637e+00
-5.387268e-01,5.282945e-01
1.515542e+00,-1.534610e+00
7.418521e+00,-7.453409e+00
9.972621e+00,-9.878503e+00
-8.934090e+00,8.891752e+00
-9.200382e+00,9.220096e+00
5.089543e+00,-5.100923e+00
9.388905e+00,-9.387564e+00
-5.809680e+00,5.826227e+00
-2.078227e+00,2.120382e+00
-3.039565e+00,3.076384e+00
3.703220e+00,-3.682130e+00
-2.236504e+00,2.338464e+00
9.519298e+00,-9.449261e+00
-4.280180e-01,4.748652e-01
1.707587e+00,-1.747611e+00
8.470935e+00,-8.496421e+00
-7.948902e+00,7.994040e+00
6.929439e+00,-6.920157e+00
-4.368748e+00,4.341315e+00
8.763115e+00,-8.771381e+00
8.733948e+00,-8.670553e+00
-4.050772e+00,4.074176e+00
8.181034e+00,-8.165124e+00
1.023227e+00,-9.827552e-01
8.980987e-02,-1.610725e-01
1.890142e+00,-1.939728e+00
5.479907e+00,-5.452542e+00
1.687481e+00,-1.646204e+00
-1.903215e+00,1.964136e+00
-2.846219e+00,2.854696e+00
7.595278e+00,-7.675571e+00
1.933748e-01,-2.474082e-01
6.581838e+00,-6.546867e+00
2.328116e+00,-2.277668e+00
7.954355e+00,-7.920880e+00
3.669274e+00,-3.679166e+00
-7.355644e+00,7.300631e+00
2.674625e-01,-2.468151e-01
-5.563680e+00,5.623707e+00
2.461748e+00,-2.535803e+00
-1.222580e-01,7.010356e-02
7.843991e-01,-7.282291e-01
-2.203427e+00,2.228281e+00
2.186545e+00,-2.256171e+00
8.738768e+00,-8.643748e+00
9.311418e-01,-9.912724e-01
-3.360210e+00,3.324526e+00
-9.871075e+00,9.773945e+00
-7.015046e+00,7.066591e+00
-8.796522e+00,8.848721e+00
-8.998133e+00,9.016375e+00
7.767175e+00,-7.786541e+00
-2.387160e+00,2.264744e+00
-8.346571e+00,8.357000e+00
-9.384329e+00,9.401249e+00
1.007738e+00,-9.599283e-01
1.543389e+00,-1.596911e+00
2.370737e+00,-2.419724e+00
-1.696891e+00,1.720759e+00
4.837553e+00,-4.837819e+00
9.001903e+00,-9.115456e+00
-7.371103e-01,7.307680e-01
-6.707985e+00,6.653137e+00
-9.010071e+00,9.032584e+00
-1.797003e+00,1.831736e+00
9.291547e+00,-9.273741e+00
2.191121e+00,-2.117082e+00
-6.964635e+00,6.964818e+00
-6.718090e+00,6.761598e+00
3.181526e+00,-3.210191e+00
1.459350e+00,-1.437200e+00
6.232190e+00,-6.156401e+00
-8.195277e+00,8.230852e+00
-2.242356e+00,2.315603e+00
7.290899e+00,-7.201908e+00
2.591327e+00,-2.639506e+00
-8.628764e+00,8.649384e+00
9.543279e+00,-9.521319e+00
1.317972e-01,-1.775673e-01
-5.897682e+00,5.885704e+00
4.142858e+00,-4.173775e+00
2.498448e+00,-2.516922e+00
5.120709e+00,-5.028900e+00
-4.000601e+00,4.078056e+00
4.294761e+00,-4.264981e+00
3.322795e+00,-3.346683e+00
7.121884e+00,-7.051090e+00
-6.889176e+00,6.926792e+00
-6.388260e+00,6.324550e+00
-4.674394e+00,4.699412e+00
1.808097e+00,-1.816034e+00
-8.993434e+00,8.915632e+00
6.578816e+00,-6.543290e+00
7.585986e+00,-7.569341e+00
4.282993e+00,-4.277240e+00
-2.885726e+00,2.906762e+00
-7.914609e+00,7.929791e+00
-9.748669e+00,9.760108e+00
5.061189e+00,-5.117647e+00
3.097508e+00,-2.984110e+00
9.016098e+00,-8.977562e+00
8.846923e+00,-8.781439e+00
-8.335215e+00,8.287215e+00
9.294104e+00,-9.229317e+00
9.574549e-03,1.836387e-02
-8.557462e+00,8.507676e+00
9.236114e+00,-9.372435e+00
-3.151064e+00,3.121971e+00
-7.117264e+00,7.054950e+00
5.828754e+00,-5.803625e+00
-5.816343e+00,5.929038e+00
-9.956750e-01,9.843017e-01
8.748025e-01,-9.056324e-01
-3.591452e+00,3.598838e+00
-1.631567e+00,1.592054e+00
5.638435e+00,-5.669719e+00
-9.987158e-01,1.016535e+00
-2.034938e+00,1.957121e+00
6.004159e+00,-5.951793e+00
8.617301e+00,-8.535014e+00
1.126477e+00,-1.119208e+00
-5.885563e+00,5.967938e+00
-5.468949e+00,5.495770e+00
3.774135e+00,-3.827324e+00
-1.982352e+00,1.970819e+00
6.387872e+00,-6.454570e+00
7.899623e+00,-8.051381e+00
-2.457814e+00,2.531209e+00
-4.162165e+00,4.185032e+00
9.057074e+00,-8.931996e+00
6.025524e+00,-5.990197e+00
-6.848806e+00,6.838240e+00
7.906893e+00,-7.920127e+00
8.411044e+00,-8.404786e+00
-6.090581e+00,6.108332e+00
6.063685e+00,-5.983710e+00
5.534815e+00,-5.665739e+00
1.252775e+00,-1.258693e+00
7.542576e-01,-8.555818e-01
-2.456055e+00,2.453475e+00
8.481406e+00,-8.475303e+00
-6.538207e+00,6.458280e+00
-4.965114e+00,4.952111e+00
-5.501070e+00,5.452446e+00
7.040675e+00,-7.071733e+00
-3.578178e+00,3.688841e+00
4.631197e+00,-4.500317e+00
-4.762686e+00,4.786794e+00
-6.236096e+00,6.181480e+00
9.015471e+00,-9.004203e+00
9.296123e+00,-9.179918e+00
-9.334053e+00,9.380360e+00
2.314458e+00,-2.248958e+00
6.184052e+00,-6.245506e+00
-7.458924e+00,7.405242e+00
-7.763733e+00,7.774084e+00
-7.601281e+00,7.664125e+00
8.043405e-01,-7.887094e-01
-8.700165e+00,8.716531e+00
-9.395194e+00,9.368733e+00
-1.799083e+00,1.788710e+00
-9.237095e+00,9.288358e+00
8.130317e+00,-8.168835e+00
2.713593e+00,-2.718361e+00
2.664049e+00,-2.697668e+00
-5.698310e+00,5.750911e+00
8.573423e+00,-8.608460e+00
-2.026541e+00,1.935493e+00
7.582350e+00,-7.588303e+00
8.990212e+00,-9.011970e+00
